{
	/* You must escape `\`, so `\\\\\\\\` matches `\\` in a test input. */
	"defines":
	{
		/* These are mostly defined in _defines.json. */
		/* There should be no capture groups in here. */
	},
	"replacements":
	[
		{
			"description": "Add tags to `AddPlayerClass`",
			"from": "((?&start))((?&stocks))\\s+((?&prefix))AddPlayerClass\\s*+\\(((?:\\s*+(?&parameter)\\s*+,){5})\\s*+(?:const\\s++)?(?:&\\s*+)?(?:(?&tag)\\s*+)?((?&symbol))\\s*+(?:(?&squarebrackets)\\s*+)*+(?:=(?&expression))?,(\\s*+(?&parameter)\\s*+,)\\s*+(?:const\\s++)?(?:&\\s*+)?(?:(?&tag)\\s*+)?((?&symbol))\\s*+(?:(?&squarebrackets)\\s*+)*+(?:=(?&expression))?,(\\s*+(?&parameter)\\s*+,)\\s*+(?:const\\s++)?(?:&\\s*+)?(?:(?&tag)\\s*+)?((?&symbol))\\s*+(?:(?&squarebrackets)\\s*+)*+(?:=(?&expression))?([,)])",
			"to": "$1$2 $3AddPlayerClass($4 WEAPON:$5 = WEAPON_FIST,$6 WEAPON:$7 = WEAPON_FIST,$8 WEAPON:$9 = WEAPON_FIST$10"
		},
		{
			"description": "Add enums to `AddPlayerClass`",
			"from": "((?&prefix))AddPlayerClass\\s*+\\(((?:(?&expression),){5})\\s*+(?:(0)|(1)|(2)|(3)|(3)|(4)|(5)|(6)|(7)|(8)|(9)|(10)|(11)|(12)|(13)|(14)|(15)|(16)|(17)|(18)|(18)|(22)|(23)|(24)|(25)|(26)|(27)|(28)|(29)|(30)|(31)|(32)|(33)|(34)|(35)|(36)|(37)|(38)|(39)|(40)|(41)|(42)|(43)|(44)|(45)|(46)|(49)|(53)|(54)|(54)|((?&expression)))\\s*+,((?&expression),)\\s*+(?:(0)|(1)|(2)|(3)|(3)|(4)|(5)|(6)|(7)|(8)|(9)|(10)|(11)|(12)|(13)|(14)|(15)|(16)|(17)|(18)|(18)|(22)|(23)|(24)|(25)|(26)|(27)|(28)|(29)|(30)|(31)|(32)|(33)|(34)|(35)|(36)|(37)|(38)|(39)|(40)|(41)|(42)|(43)|(44)|(45)|(46)|(49)|(53)|(54)|(54)|((?&expression)))\\s*+,((?&expression),)\\s*+(?:(0)|(1)|(2)|(3)|(3)|(4)|(5)|(6)|(7)|(8)|(9)|(10)|(11)|(12)|(13)|(14)|(15)|(16)|(17)|(18)|(18)|(22)|(23)|(24)|(25)|(26)|(27)|(28)|(29)|(30)|(31)|(32)|(33)|(34)|(35)|(36)|(37)|(38)|(39)|(40)|(41)|(42)|(43)|(44)|(45)|(46)|(49)|(53)|(54)|(54)|((?&expression)))\\s*+([,)])",
			"to": "$1AddPlayerClass($2 ${3:+WEAPON_FIST:${4:+WEAPON_BRASSKNUCKLE:${5:+WEAPON_GOLFCLUB:${6:+WEAPON_NITESTICK:${7:+WEAPON_NIGHTSTICK:${8:+WEAPON_KNIFE:${9:+WEAPON_BAT:${10:+WEAPON_SHOVEL:${11:+WEAPON_POOLSTICK:${12:+WEAPON_KATANA:${13:+WEAPON_CHAINSAW:${14:+WEAPON_DILDO:${15:+WEAPON_DILDO2:${16:+WEAPON_VIBRATOR:${17:+WEAPON_VIBRATOR2:${18:+WEAPON_FLOWER:${19:+WEAPON_CANE:${20:+WEAPON_GRENADE:${21:+WEAPON_TEARGAS:${22:+WEAPON_MOLTOV:${23:+WEAPON_MOLOTOV:${24:+WEAPON_COLT45:${25:+WEAPON_SILENCED:${26:+WEAPON_DEAGLE:${27:+WEAPON_SHOTGUN:${28:+WEAPON_SAWEDOFF:${29:+WEAPON_SHOTGSPA:${30:+WEAPON_UZI:${31:+WEAPON_MP5:${32:+WEAPON_AK47:${33:+WEAPON_M4:${34:+WEAPON_TEC9:${35:+WEAPON_RIFLE:${36:+WEAPON_SNIPER:${37:+WEAPON_ROCKETLAUNCHER:${38:+WEAPON_HEATSEEKER:${39:+WEAPON_FLAMETHROWER:${40:+WEAPON_MINIGUN:${41:+WEAPON_SATCHEL:${42:+WEAPON_BOMB:${43:+WEAPON_SPRAYCAN:${44:+WEAPON_FIREEXTINGUISHER:${45:+WEAPON_CAMERA:${46:+WEAPON_NIGHT_VISION_GOGGLES:${47:+WEAPON_THERMAL_GOGGLES:${48:+WEAPON_PARACHUTE:${49:+WEAPON_VEHICLE:${50:+WEAPON_DROWN:${51:+WEAPON_COLLISION:${52:+WEAPON_SPLAT:$53}}}}}}}}}}}}}}}}}}}}}}}}}}}}}}}}}}}}}}}}}}}}}}}}}},$54 ${55:+WEAPON_FIST:${56:+WEAPON_BRASSKNUCKLE:${57:+WEAPON_GOLFCLUB:${58:+WEAPON_NITESTICK:${59:+WEAPON_NIGHTSTICK:${60:+WEAPON_KNIFE:${61:+WEAPON_BAT:${62:+WEAPON_SHOVEL:${63:+WEAPON_POOLSTICK:${64:+WEAPON_KATANA:${65:+WEAPON_CHAINSAW:${66:+WEAPON_DILDO:${67:+WEAPON_DILDO2:${68:+WEAPON_VIBRATOR:${69:+WEAPON_VIBRATOR2:${70:+WEAPON_FLOWER:${71:+WEAPON_CANE:${72:+WEAPON_GRENADE:${73:+WEAPON_TEARGAS:${74:+WEAPON_MOLTOV:${75:+WEAPON_MOLOTOV:${76:+WEAPON_COLT45:${77:+WEAPON_SILENCED:${78:+WEAPON_DEAGLE:${79:+WEAPON_SHOTGUN:${80:+WEAPON_SAWEDOFF:${81:+WEAPON_SHOTGSPA:${82:+WEAPON_UZI:${83:+WEAPON_MP5:${84:+WEAPON_AK47:${85:+WEAPON_M4:${86:+WEAPON_TEC9:${87:+WEAPON_RIFLE:${88:+WEAPON_SNIPER:${89:+WEAPON_ROCKETLAUNCHER:${90:+WEAPON_HEATSEEKER:${91:+WEAPON_FLAMETHROWER:${92:+WEAPON_MINIGUN:${93:+WEAPON_SATCHEL:${94:+WEAPON_BOMB:${95:+WEAPON_SPRAYCAN:${96:+WEAPON_FIREEXTINGUISHER:${97:+WEAPON_CAMERA:${98:+WEAPON_NIGHT_VISION_GOGGLES:${99:+WEAPON_THERMAL_GOGGLES:${100:+WEAPON_PARACHUTE:${101:+WEAPON_VEHICLE:${102:+WEAPON_DROWN:${103:+WEAPON_COLLISION:${104:+WEAPON_SPLAT:$105}}}}}}}}}}}}}}}}}}}}}}}}}}}}}}}}}}}}}}}}}}}}}}}}}},$106 ${107:+WEAPON_FIST:${108:+WEAPON_BRASSKNUCKLE:${109:+WEAPON_GOLFCLUB:${110:+WEAPON_NITESTICK:${111:+WEAPON_NIGHTSTICK:${112:+WEAPON_KNIFE:${113:+WEAPON_BAT:${114:+WEAPON_SHOVEL:${115:+WEAPON_POOLSTICK:${116:+WEAPON_KATANA:${117:+WEAPON_CHAINSAW:${118:+WEAPON_DILDO:${119:+WEAPON_DILDO2:${120:+WEAPON_VIBRATOR:${121:+WEAPON_VIBRATOR2:${122:+WEAPON_FLOWER:${123:+WEAPON_CANE:${124:+WEAPON_GRENADE:${125:+WEAPON_TEARGAS:${126:+WEAPON_MOLTOV:${127:+WEAPON_MOLOTOV:${128:+WEAPON_COLT45:${129:+WEAPON_SILENCED:${130:+WEAPON_DEAGLE:${131:+WEAPON_SHOTGUN:${132:+WEAPON_SAWEDOFF:${133:+WEAPON_SHOTGSPA:${134:+WEAPON_UZI:${135:+WEAPON_MP5:${136:+WEAPON_AK47:${137:+WEAPON_M4:${138:+WEAPON_TEC9:${139:+WEAPON_RIFLE:${140:+WEAPON_SNIPER:${141:+WEAPON_ROCKETLAUNCHER:${142:+WEAPON_HEATSEEKER:${143:+WEAPON_FLAMETHROWER:${144:+WEAPON_MINIGUN:${145:+WEAPON_SATCHEL:${146:+WEAPON_BOMB:${147:+WEAPON_SPRAYCAN:${148:+WEAPON_FIREEXTINGUISHER:${149:+WEAPON_CAMERA:${150:+WEAPON_NIGHT_VISION_GOGGLES:${151:+WEAPON_THERMAL_GOGGLES:${152:+WEAPON_PARACHUTE:${153:+WEAPON_VEHICLE:${154:+WEAPON_DROWN:${155:+WEAPON_COLLISION:${156:+WEAPON_SPLAT:$157}}}}}}}}}}}}}}}}}}}}}}}}}}}}}}}}}}}}}}}}}}}}}}}}}}$158"
		},
		{
			"description": "Add tags to `AddPlayerClassEx`",
			"from": "((?&start))((?&stocks))\\s+((?&prefix))AddPlayerClassEx\\s*+\\(((?:\\s*+(?&parameter)\\s*+,){6})\\s*+(?:const\\s++)?(?:&\\s*+)?(?:(?&tag)\\s*+)?((?&symbol))\\s*+(?:(?&squarebrackets)\\s*+)*+(?:=(?&expression))?,(\\s*+(?&parameter)\\s*+,)\\s*+(?:const\\s++)?(?:&\\s*+)?(?:(?&tag)\\s*+)?((?&symbol))\\s*+(?:(?&squarebrackets)\\s*+)*+(?:=(?&expression))?,(\\s*+(?&parameter)\\s*+,)\\s*+(?:const\\s++)?(?:&\\s*+)?(?:(?&tag)\\s*+)?((?&symbol))\\s*+(?:(?&squarebrackets)\\s*+)*+(?:=(?&expression))?([,)])",
			"to": "$1$2 $3AddPlayerClassEx($4 WEAPON:$5 = WEAPON_FIST,$6 WEAPON:$7 = WEAPON_FIST,$8 WEAPON:$9 = WEAPON_FIST$10"
		},
		{
			"description": "Add enums to `AddPlayerClassEx`",
			"from": "((?&prefix))AddPlayerClassEx\\s*+\\(((?:(?&expression),){6})\\s*+(?:(0)|(1)|(2)|(3)|(3)|(4)|(5)|(6)|(7)|(8)|(9)|(10)|(11)|(12)|(13)|(14)|(15)|(16)|(17)|(18)|(18)|(22)|(23)|(24)|(25)|(26)|(27)|(28)|(29)|(30)|(31)|(32)|(33)|(34)|(35)|(36)|(37)|(38)|(39)|(40)|(41)|(42)|(43)|(44)|(45)|(46)|(49)|(53)|(54)|(54)|((?&expression)))\\s*+,((?&expression),)\\s*+(?:(0)|(1)|(2)|(3)|(3)|(4)|(5)|(6)|(7)|(8)|(9)|(10)|(11)|(12)|(13)|(14)|(15)|(16)|(17)|(18)|(18)|(22)|(23)|(24)|(25)|(26)|(27)|(28)|(29)|(30)|(31)|(32)|(33)|(34)|(35)|(36)|(37)|(38)|(39)|(40)|(41)|(42)|(43)|(44)|(45)|(46)|(49)|(53)|(54)|(54)|((?&expression)))\\s*+,((?&expression),)\\s*+(?:(0)|(1)|(2)|(3)|(3)|(4)|(5)|(6)|(7)|(8)|(9)|(10)|(11)|(12)|(13)|(14)|(15)|(16)|(17)|(18)|(18)|(22)|(23)|(24)|(25)|(26)|(27)|(28)|(29)|(30)|(31)|(32)|(33)|(34)|(35)|(36)|(37)|(38)|(39)|(40)|(41)|(42)|(43)|(44)|(45)|(46)|(49)|(53)|(54)|(54)|((?&expression)))\\s*+([,)])",
			"to": "$1AddPlayerClassEx($2 ${3:+WEAPON_FIST:${4:+WEAPON_BRASSKNUCKLE:${5:+WEAPON_GOLFCLUB:${6:+WEAPON_NITESTICK:${7:+WEAPON_NIGHTSTICK:${8:+WEAPON_KNIFE:${9:+WEAPON_BAT:${10:+WEAPON_SHOVEL:${11:+WEAPON_POOLSTICK:${12:+WEAPON_KATANA:${13:+WEAPON_CHAINSAW:${14:+WEAPON_DILDO:${15:+WEAPON_DILDO2:${16:+WEAPON_VIBRATOR:${17:+WEAPON_VIBRATOR2:${18:+WEAPON_FLOWER:${19:+WEAPON_CANE:${20:+WEAPON_GRENADE:${21:+WEAPON_TEARGAS:${22:+WEAPON_MOLTOV:${23:+WEAPON_MOLOTOV:${24:+WEAPON_COLT45:${25:+WEAPON_SILENCED:${26:+WEAPON_DEAGLE:${27:+WEAPON_SHOTGUN:${28:+WEAPON_SAWEDOFF:${29:+WEAPON_SHOTGSPA:${30:+WEAPON_UZI:${31:+WEAPON_MP5:${32:+WEAPON_AK47:${33:+WEAPON_M4:${34:+WEAPON_TEC9:${35:+WEAPON_RIFLE:${36:+WEAPON_SNIPER:${37:+WEAPON_ROCKETLAUNCHER:${38:+WEAPON_HEATSEEKER:${39:+WEAPON_FLAMETHROWER:${40:+WEAPON_MINIGUN:${41:+WEAPON_SATCHEL:${42:+WEAPON_BOMB:${43:+WEAPON_SPRAYCAN:${44:+WEAPON_FIREEXTINGUISHER:${45:+WEAPON_CAMERA:${46:+WEAPON_NIGHT_VISION_GOGGLES:${47:+WEAPON_THERMAL_GOGGLES:${48:+WEAPON_PARACHUTE:${49:+WEAPON_VEHICLE:${50:+WEAPON_DROWN:${51:+WEAPON_COLLISION:${52:+WEAPON_SPLAT:$53}}}}}}}}}}}}}}}}}}}}}}}}}}}}}}}}}}}}}}}}}}}}}}}}}},$54 ${55:+WEAPON_FIST:${56:+WEAPON_BRASSKNUCKLE:${57:+WEAPON_GOLFCLUB:${58:+WEAPON_NITESTICK:${59:+WEAPON_NIGHTSTICK:${60:+WEAPON_KNIFE:${61:+WEAPON_BAT:${62:+WEAPON_SHOVEL:${63:+WEAPON_POOLSTICK:${64:+WEAPON_KATANA:${65:+WEAPON_CHAINSAW:${66:+WEAPON_DILDO:${67:+WEAPON_DILDO2:${68:+WEAPON_VIBRATOR:${69:+WEAPON_VIBRATOR2:${70:+WEAPON_FLOWER:${71:+WEAPON_CANE:${72:+WEAPON_GRENADE:${73:+WEAPON_TEARGAS:${74:+WEAPON_MOLTOV:${75:+WEAPON_MOLOTOV:${76:+WEAPON_COLT45:${77:+WEAPON_SILENCED:${78:+WEAPON_DEAGLE:${79:+WEAPON_SHOTGUN:${80:+WEAPON_SAWEDOFF:${81:+WEAPON_SHOTGSPA:${82:+WEAPON_UZI:${83:+WEAPON_MP5:${84:+WEAPON_AK47:${85:+WEAPON_M4:${86:+WEAPON_TEC9:${87:+WEAPON_RIFLE:${88:+WEAPON_SNIPER:${89:+WEAPON_ROCKETLAUNCHER:${90:+WEAPON_HEATSEEKER:${91:+WEAPON_FLAMETHROWER:${92:+WEAPON_MINIGUN:${93:+WEAPON_SATCHEL:${94:+WEAPON_BOMB:${95:+WEAPON_SPRAYCAN:${96:+WEAPON_FIREEXTINGUISHER:${97:+WEAPON_CAMERA:${98:+WEAPON_NIGHT_VISION_GOGGLES:${99:+WEAPON_THERMAL_GOGGLES:${100:+WEAPON_PARACHUTE:${101:+WEAPON_VEHICLE:${102:+WEAPON_DROWN:${103:+WEAPON_COLLISION:${104:+WEAPON_SPLAT:$105}}}}}}}}}}}}}}}}}}}}}}}}}}}}}}}}}}}}}}}}}}}}}}}}}},$106 ${107:+WEAPON_FIST:${108:+WEAPON_BRASSKNUCKLE:${109:+WEAPON_GOLFCLUB:${110:+WEAPON_NITESTICK:${111:+WEAPON_NIGHTSTICK:${112:+WEAPON_KNIFE:${113:+WEAPON_BAT:${114:+WEAPON_SHOVEL:${115:+WEAPON_POOLSTICK:${116:+WEAPON_KATANA:${117:+WEAPON_CHAINSAW:${118:+WEAPON_DILDO:${119:+WEAPON_DILDO2:${120:+WEAPON_VIBRATOR:${121:+WEAPON_VIBRATOR2:${122:+WEAPON_FLOWER:${123:+WEAPON_CANE:${124:+WEAPON_GRENADE:${125:+WEAPON_TEARGAS:${126:+WEAPON_MOLTOV:${127:+WEAPON_MOLOTOV:${128:+WEAPON_COLT45:${129:+WEAPON_SILENCED:${130:+WEAPON_DEAGLE:${131:+WEAPON_SHOTGUN:${132:+WEAPON_SAWEDOFF:${133:+WEAPON_SHOTGSPA:${134:+WEAPON_UZI:${135:+WEAPON_MP5:${136:+WEAPON_AK47:${137:+WEAPON_M4:${138:+WEAPON_TEC9:${139:+WEAPON_RIFLE:${140:+WEAPON_SNIPER:${141:+WEAPON_ROCKETLAUNCHER:${142:+WEAPON_HEATSEEKER:${143:+WEAPON_FLAMETHROWER:${144:+WEAPON_MINIGUN:${145:+WEAPON_SATCHEL:${146:+WEAPON_BOMB:${147:+WEAPON_SPRAYCAN:${148:+WEAPON_FIREEXTINGUISHER:${149:+WEAPON_CAMERA:${150:+WEAPON_NIGHT_VISION_GOGGLES:${151:+WEAPON_THERMAL_GOGGLES:${152:+WEAPON_PARACHUTE:${153:+WEAPON_VEHICLE:${154:+WEAPON_DROWN:${155:+WEAPON_COLLISION:${156:+WEAPON_SPLAT:$157}}}}}}}}}}}}}}}}}}}}}}}}}}}}}}}}}}}}}}}}}}}}}}}}}}$158"
		},
		{
			"description": "Add tags to `SetSpawnInfo`",
			"from": "((?&start))((?&stocks))\\s+(?:bool\\s*+:\\s*+)?((?&prefix))SetSpawnInfo\\s*+\\(((?:\\s*+(?&parameter)\\s*+,){7})\\s*+(?:const\\s++)?(?:&\\s*+)?(?:(?&tag)\\s*+)?((?&symbol))\\s*+(?:(?&squarebrackets)\\s*+)*+(?:=(?&expression))?,(\\s*+(?&parameter)\\s*+,)\\s*+(?:const\\s++)?(?:&\\s*+)?(?:(?&tag)\\s*+)?((?&symbol))\\s*+(?:(?&squarebrackets)\\s*+)*+(?:=(?&expression))?,(\\s*+(?&parameter)\\s*+,)\\s*+(?:const\\s++)?(?:&\\s*+)?(?:(?&tag)\\s*+)?((?&symbol))\\s*+(?:(?&squarebrackets)\\s*+)*+(?:=(?&expression))?([,)])",
			"to": "$1$2 bool:$3SetSpawnInfo($4 WEAPON:$5 = WEAPON_FIST,$6 WEAPON:$7 = WEAPON_FIST,$8 WEAPON:$9 = WEAPON_FIST$10"
		},
		{
			"description": "Add enums to `SetSpawnInfo`",
			"from": "((?&prefix))SetSpawnInfo\\s*+\\(((?:(?&expression),){7})\\s*+(?:(0)|(1)|(2)|(3)|(3)|(4)|(5)|(6)|(7)|(8)|(9)|(10)|(11)|(12)|(13)|(14)|(15)|(16)|(17)|(18)|(18)|(22)|(23)|(24)|(25)|(26)|(27)|(28)|(29)|(30)|(31)|(32)|(33)|(34)|(35)|(36)|(37)|(38)|(39)|(40)|(41)|(42)|(43)|(44)|(45)|(46)|(49)|(53)|(54)|(54)|((?&expression)))\\s*+,((?&expression),)\\s*+(?:(0)|(1)|(2)|(3)|(3)|(4)|(5)|(6)|(7)|(8)|(9)|(10)|(11)|(12)|(13)|(14)|(15)|(16)|(17)|(18)|(18)|(22)|(23)|(24)|(25)|(26)|(27)|(28)|(29)|(30)|(31)|(32)|(33)|(34)|(35)|(36)|(37)|(38)|(39)|(40)|(41)|(42)|(43)|(44)|(45)|(46)|(49)|(53)|(54)|(54)|((?&expression)))\\s*+,((?&expression),)\\s*+(?:(0)|(1)|(2)|(3)|(3)|(4)|(5)|(6)|(7)|(8)|(9)|(10)|(11)|(12)|(13)|(14)|(15)|(16)|(17)|(18)|(18)|(22)|(23)|(24)|(25)|(26)|(27)|(28)|(29)|(30)|(31)|(32)|(33)|(34)|(35)|(36)|(37)|(38)|(39)|(40)|(41)|(42)|(43)|(44)|(45)|(46)|(49)|(53)|(54)|(54)|((?&expression)))\\s*+([,)])",
			"to": "$1SetSpawnInfo($2 ${3:+WEAPON_FIST:${4:+WEAPON_BRASSKNUCKLE:${5:+WEAPON_GOLFCLUB:${6:+WEAPON_NITESTICK:${7:+WEAPON_NIGHTSTICK:${8:+WEAPON_KNIFE:${9:+WEAPON_BAT:${10:+WEAPON_SHOVEL:${11:+WEAPON_POOLSTICK:${12:+WEAPON_KATANA:${13:+WEAPON_CHAINSAW:${14:+WEAPON_DILDO:${15:+WEAPON_DILDO2:${16:+WEAPON_VIBRATOR:${17:+WEAPON_VIBRATOR2:${18:+WEAPON_FLOWER:${19:+WEAPON_CANE:${20:+WEAPON_GRENADE:${21:+WEAPON_TEARGAS:${22:+WEAPON_MOLTOV:${23:+WEAPON_MOLOTOV:${24:+WEAPON_COLT45:${25:+WEAPON_SILENCED:${26:+WEAPON_DEAGLE:${27:+WEAPON_SHOTGUN:${28:+WEAPON_SAWEDOFF:${29:+WEAPON_SHOTGSPA:${30:+WEAPON_UZI:${31:+WEAPON_MP5:${32:+WEAPON_AK47:${33:+WEAPON_M4:${34:+WEAPON_TEC9:${35:+WEAPON_RIFLE:${36:+WEAPON_SNIPER:${37:+WEAPON_ROCKETLAUNCHER:${38:+WEAPON_HEATSEEKER:${39:+WEAPON_FLAMETHROWER:${40:+WEAPON_MINIGUN:${41:+WEAPON_SATCHEL:${42:+WEAPON_BOMB:${43:+WEAPON_SPRAYCAN:${44:+WEAPON_FIREEXTINGUISHER:${45:+WEAPON_CAMERA:${46:+WEAPON_NIGHT_VISION_GOGGLES:${47:+WEAPON_THERMAL_GOGGLES:${48:+WEAPON_PARACHUTE:${49:+WEAPON_VEHICLE:${50:+WEAPON_DROWN:${51:+WEAPON_COLLISION:${52:+WEAPON_SPLAT:$53}}}}}}}}}}}}}}}}}}}}}}}}}}}}}}}}}}}}}}}}}}}}}}}}}},$54 ${55:+WEAPON_FIST:${56:+WEAPON_BRASSKNUCKLE:${57:+WEAPON_GOLFCLUB:${58:+WEAPON_NITESTICK:${59:+WEAPON_NIGHTSTICK:${60:+WEAPON_KNIFE:${61:+WEAPON_BAT:${62:+WEAPON_SHOVEL:${63:+WEAPON_POOLSTICK:${64:+WEAPON_KATANA:${65:+WEAPON_CHAINSAW:${66:+WEAPON_DILDO:${67:+WEAPON_DILDO2:${68:+WEAPON_VIBRATOR:${69:+WEAPON_VIBRATOR2:${70:+WEAPON_FLOWER:${71:+WEAPON_CANE:${72:+WEAPON_GRENADE:${73:+WEAPON_TEARGAS:${74:+WEAPON_MOLTOV:${75:+WEAPON_MOLOTOV:${76:+WEAPON_COLT45:${77:+WEAPON_SILENCED:${78:+WEAPON_DEAGLE:${79:+WEAPON_SHOTGUN:${80:+WEAPON_SAWEDOFF:${81:+WEAPON_SHOTGSPA:${82:+WEAPON_UZI:${83:+WEAPON_MP5:${84:+WEAPON_AK47:${85:+WEAPON_M4:${86:+WEAPON_TEC9:${87:+WEAPON_RIFLE:${88:+WEAPON_SNIPER:${89:+WEAPON_ROCKETLAUNCHER:${90:+WEAPON_HEATSEEKER:${91:+WEAPON_FLAMETHROWER:${92:+WEAPON_MINIGUN:${93:+WEAPON_SATCHEL:${94:+WEAPON_BOMB:${95:+WEAPON_SPRAYCAN:${96:+WEAPON_FIREEXTINGUISHER:${97:+WEAPON_CAMERA:${98:+WEAPON_NIGHT_VISION_GOGGLES:${99:+WEAPON_THERMAL_GOGGLES:${100:+WEAPON_PARACHUTE:${101:+WEAPON_VEHICLE:${102:+WEAPON_DROWN:${103:+WEAPON_COLLISION:${104:+WEAPON_SPLAT:$105}}}}}}}}}}}}}}}}}}}}}}}}}}}}}}}}}}}}}}}}}}}}}}}}}},$106 ${107:+WEAPON_FIST:${108:+WEAPON_BRASSKNUCKLE:${109:+WEAPON_GOLFCLUB:${110:+WEAPON_NITESTICK:${111:+WEAPON_NIGHTSTICK:${112:+WEAPON_KNIFE:${113:+WEAPON_BAT:${114:+WEAPON_SHOVEL:${115:+WEAPON_POOLSTICK:${116:+WEAPON_KATANA:${117:+WEAPON_CHAINSAW:${118:+WEAPON_DILDO:${119:+WEAPON_DILDO2:${120:+WEAPON_VIBRATOR:${121:+WEAPON_VIBRATOR2:${122:+WEAPON_FLOWER:${123:+WEAPON_CANE:${124:+WEAPON_GRENADE:${125:+WEAPON_TEARGAS:${126:+WEAPON_MOLTOV:${127:+WEAPON_MOLOTOV:${128:+WEAPON_COLT45:${129:+WEAPON_SILENCED:${130:+WEAPON_DEAGLE:${131:+WEAPON_SHOTGUN:${132:+WEAPON_SAWEDOFF:${133:+WEAPON_SHOTGSPA:${134:+WEAPON_UZI:${135:+WEAPON_MP5:${136:+WEAPON_AK47:${137:+WEAPON_M4:${138:+WEAPON_TEC9:${139:+WEAPON_RIFLE:${140:+WEAPON_SNIPER:${141:+WEAPON_ROCKETLAUNCHER:${142:+WEAPON_HEATSEEKER:${143:+WEAPON_FLAMETHROWER:${144:+WEAPON_MINIGUN:${145:+WEAPON_SATCHEL:${146:+WEAPON_BOMB:${147:+WEAPON_SPRAYCAN:${148:+WEAPON_FIREEXTINGUISHER:${149:+WEAPON_CAMERA:${150:+WEAPON_NIGHT_VISION_GOGGLES:${151:+WEAPON_THERMAL_GOGGLES:${152:+WEAPON_PARACHUTE:${153:+WEAPON_VEHICLE:${154:+WEAPON_DROWN:${155:+WEAPON_COLLISION:${156:+WEAPON_SPLAT:$157}}}}}}}}}}}}}}}}}}}}}}}}}}}}}}}}}}}}}}}}}}}}}}}}}}$158"
		},
		{
			"description": "Add tags to `GetPlayerClass`",
			"from": "((?&start))((?&stocks))\\s+((?&prefix))GetPlayerClass\\s*+\\(((?:\\s*+(?&parameter)\\s*+,){7})\\s*+(?:const\\s++)?(?:&\\s*+)?(?:(?&tag)\\s*+)?((?&symbol))\\s*+(?:(?&squarebrackets)\\s*+)*+(?:=(?&expression))?,(\\s*+(?&parameter)\\s*+,)\\s*+(?:const\\s++)?(?:&\\s*+)?(?:(?&tag)\\s*+)?((?&symbol))\\s*+(?:(?&squarebrackets)\\s*+)*+(?:=(?&expression))?,(\\s*+(?&parameter)\\s*+,)\\s*+(?:const\\s++)?(?:&\\s*+)?(?:(?&tag)\\s*+)?((?&symbol))\\s*+(?:(?&squarebrackets)\\s*+)*+(?:=(?&expression))?([,)])",
			"to": "$1$2 $3GetPlayerClass($4 &WEAPON:$5 = WEAPON_FIST,$6 &WEAPON:$7 = WEAPON_FIST,$8 &WEAPON:$9 = WEAPON_FIST$10"
		},
		{
			"description": "Add enums to `GetPlayerClass`",
			"from": "((?&prefix))GetPlayerClass\\s*+\\(((?:(?&expression),){7})\\s*+(?:(0)|(1)|(2)|(3)|(3)|(4)|(5)|(6)|(7)|(8)|(9)|(10)|(11)|(12)|(13)|(14)|(15)|(16)|(17)|(18)|(18)|(22)|(23)|(24)|(25)|(26)|(27)|(28)|(29)|(30)|(31)|(32)|(33)|(34)|(35)|(36)|(37)|(38)|(39)|(40)|(41)|(42)|(43)|(44)|(45)|(46)|(49)|(53)|(54)|(54)|((?&expression)))\\s*+,((?&expression),)\\s*+(?:(0)|(1)|(2)|(3)|(3)|(4)|(5)|(6)|(7)|(8)|(9)|(10)|(11)|(12)|(13)|(14)|(15)|(16)|(17)|(18)|(18)|(22)|(23)|(24)|(25)|(26)|(27)|(28)|(29)|(30)|(31)|(32)|(33)|(34)|(35)|(36)|(37)|(38)|(39)|(40)|(41)|(42)|(43)|(44)|(45)|(46)|(49)|(53)|(54)|(54)|((?&expression)))\\s*+,((?&expression),)\\s*+(?:(0)|(1)|(2)|(3)|(3)|(4)|(5)|(6)|(7)|(8)|(9)|(10)|(11)|(12)|(13)|(14)|(15)|(16)|(17)|(18)|(18)|(22)|(23)|(24)|(25)|(26)|(27)|(28)|(29)|(30)|(31)|(32)|(33)|(34)|(35)|(36)|(37)|(38)|(39)|(40)|(41)|(42)|(43)|(44)|(45)|(46)|(49)|(53)|(54)|(54)|((?&expression)))\\s*+([,)])",
			"to": "$1GetPlayerClass($2 ${3:+WEAPON_FIST:${4:+WEAPON_BRASSKNUCKLE:${5:+WEAPON_GOLFCLUB:${6:+WEAPON_NITESTICK:${7:+WEAPON_NIGHTSTICK:${8:+WEAPON_KNIFE:${9:+WEAPON_BAT:${10:+WEAPON_SHOVEL:${11:+WEAPON_POOLSTICK:${12:+WEAPON_KATANA:${13:+WEAPON_CHAINSAW:${14:+WEAPON_DILDO:${15:+WEAPON_DILDO2:${16:+WEAPON_VIBRATOR:${17:+WEAPON_VIBRATOR2:${18:+WEAPON_FLOWER:${19:+WEAPON_CANE:${20:+WEAPON_GRENADE:${21:+WEAPON_TEARGAS:${22:+WEAPON_MOLTOV:${23:+WEAPON_MOLOTOV:${24:+WEAPON_COLT45:${25:+WEAPON_SILENCED:${26:+WEAPON_DEAGLE:${27:+WEAPON_SHOTGUN:${28:+WEAPON_SAWEDOFF:${29:+WEAPON_SHOTGSPA:${30:+WEAPON_UZI:${31:+WEAPON_MP5:${32:+WEAPON_AK47:${33:+WEAPON_M4:${34:+WEAPON_TEC9:${35:+WEAPON_RIFLE:${36:+WEAPON_SNIPER:${37:+WEAPON_ROCKETLAUNCHER:${38:+WEAPON_HEATSEEKER:${39:+WEAPON_FLAMETHROWER:${40:+WEAPON_MINIGUN:${41:+WEAPON_SATCHEL:${42:+WEAPON_BOMB:${43:+WEAPON_SPRAYCAN:${44:+WEAPON_FIREEXTINGUISHER:${45:+WEAPON_CAMERA:${46:+WEAPON_NIGHT_VISION_GOGGLES:${47:+WEAPON_THERMAL_GOGGLES:${48:+WEAPON_PARACHUTE:${49:+WEAPON_VEHICLE:${50:+WEAPON_DROWN:${51:+WEAPON_COLLISION:${52:+WEAPON_SPLAT:$53}}}}}}}}}}}}}}}}}}}}}}}}}}}}}}}}}}}}}}}}}}}}}}}}}},$54 ${55:+WEAPON_FIST:${56:+WEAPON_BRASSKNUCKLE:${57:+WEAPON_GOLFCLUB:${58:+WEAPON_NITESTICK:${59:+WEAPON_NIGHTSTICK:${60:+WEAPON_KNIFE:${61:+WEAPON_BAT:${62:+WEAPON_SHOVEL:${63:+WEAPON_POOLSTICK:${64:+WEAPON_KATANA:${65:+WEAPON_CHAINSAW:${66:+WEAPON_DILDO:${67:+WEAPON_DILDO2:${68:+WEAPON_VIBRATOR:${69:+WEAPON_VIBRATOR2:${70:+WEAPON_FLOWER:${71:+WEAPON_CANE:${72:+WEAPON_GRENADE:${73:+WEAPON_TEARGAS:${74:+WEAPON_MOLTOV:${75:+WEAPON_MOLOTOV:${76:+WEAPON_COLT45:${77:+WEAPON_SILENCED:${78:+WEAPON_DEAGLE:${79:+WEAPON_SHOTGUN:${80:+WEAPON_SAWEDOFF:${81:+WEAPON_SHOTGSPA:${82:+WEAPON_UZI:${83:+WEAPON_MP5:${84:+WEAPON_AK47:${85:+WEAPON_M4:${86:+WEAPON_TEC9:${87:+WEAPON_RIFLE:${88:+WEAPON_SNIPER:${89:+WEAPON_ROCKETLAUNCHER:${90:+WEAPON_HEATSEEKER:${91:+WEAPON_FLAMETHROWER:${92:+WEAPON_MINIGUN:${93:+WEAPON_SATCHEL:${94:+WEAPON_BOMB:${95:+WEAPON_SPRAYCAN:${96:+WEAPON_FIREEXTINGUISHER:${97:+WEAPON_CAMERA:${98:+WEAPON_NIGHT_VISION_GOGGLES:${99:+WEAPON_THERMAL_GOGGLES:${100:+WEAPON_PARACHUTE:${101:+WEAPON_VEHICLE:${102:+WEAPON_DROWN:${103:+WEAPON_COLLISION:${104:+WEAPON_SPLAT:$105}}}}}}}}}}}}}}}}}}}}}}}}}}}}}}}}}}}}}}}}}}}}}}}}}},$106 ${107:+WEAPON_FIST:${108:+WEAPON_BRASSKNUCKLE:${109:+WEAPON_GOLFCLUB:${110:+WEAPON_NITESTICK:${111:+WEAPON_NIGHTSTICK:${112:+WEAPON_KNIFE:${113:+WEAPON_BAT:${114:+WEAPON_SHOVEL:${115:+WEAPON_POOLSTICK:${116:+WEAPON_KATANA:${117:+WEAPON_CHAINSAW:${118:+WEAPON_DILDO:${119:+WEAPON_DILDO2:${120:+WEAPON_VIBRATOR:${121:+WEAPON_VIBRATOR2:${122:+WEAPON_FLOWER:${123:+WEAPON_CANE:${124:+WEAPON_GRENADE:${125:+WEAPON_TEARGAS:${126:+WEAPON_MOLTOV:${127:+WEAPON_MOLOTOV:${128:+WEAPON_COLT45:${129:+WEAPON_SILENCED:${130:+WEAPON_DEAGLE:${131:+WEAPON_SHOTGUN:${132:+WEAPON_SAWEDOFF:${133:+WEAPON_SHOTGSPA:${134:+WEAPON_UZI:${135:+WEAPON_MP5:${136:+WEAPON_AK47:${137:+WEAPON_M4:${138:+WEAPON_TEC9:${139:+WEAPON_RIFLE:${140:+WEAPON_SNIPER:${141:+WEAPON_ROCKETLAUNCHER:${142:+WEAPON_HEATSEEKER:${143:+WEAPON_FLAMETHROWER:${144:+WEAPON_MINIGUN:${145:+WEAPON_SATCHEL:${146:+WEAPON_BOMB:${147:+WEAPON_SPRAYCAN:${148:+WEAPON_FIREEXTINGUISHER:${149:+WEAPON_CAMERA:${150:+WEAPON_NIGHT_VISION_GOGGLES:${151:+WEAPON_THERMAL_GOGGLES:${152:+WEAPON_PARACHUTE:${153:+WEAPON_VEHICLE:${154:+WEAPON_DROWN:${155:+WEAPON_COLLISION:${156:+WEAPON_SPLAT:$157}}}}}}}}}}}}}}}}}}}}}}}}}}}}}}}}}}}}}}}}}}}}}}}}}}$158"
		},
		{
			"description": "Add tags to `EditPlayerClass`",
			"from": "((?&start))((?&stocks))\\s+((?&prefix))EditPlayerClass\\s*+\\(((?:\\s*+(?&parameter)\\s*+,){7})\\s*+(?:const\\s++)?(?:&\\s*+)?(?:(?&tag)\\s*+)?((?&symbol))\\s*+(?:(?&squarebrackets)\\s*+)*+(?:=(?&expression))?,(\\s*+(?&parameter)\\s*+,)\\s*+(?:const\\s++)?(?:&\\s*+)?(?:(?&tag)\\s*+)?((?&symbol))\\s*+(?:(?&squarebrackets)\\s*+)*+(?:=(?&expression))?,(\\s*+(?&parameter)\\s*+,)\\s*+(?:const\\s++)?(?:&\\s*+)?(?:(?&tag)\\s*+)?((?&symbol))\\s*+(?:(?&squarebrackets)\\s*+)*+(?:=(?&expression))?([,)])",
			"to": "$1$2 $3EditPlayerClass($4 WEAPON:$5 = WEAPON_FIST,$6 WEAPON:$7 = WEAPON_FIST,$8 WEAPON:$9 = WEAPON_FIST$10"
		},
		{
			"description": "Add enums to `EditPlayerClass`",
			"from": "((?&prefix))EditPlayerClass\\s*+\\(((?:(?&expression),){7})\\s*+(?:(0)|(1)|(2)|(3)|(3)|(4)|(5)|(6)|(7)|(8)|(9)|(10)|(11)|(12)|(13)|(14)|(15)|(16)|(17)|(18)|(18)|(22)|(23)|(24)|(25)|(26)|(27)|(28)|(29)|(30)|(31)|(32)|(33)|(34)|(35)|(36)|(37)|(38)|(39)|(40)|(41)|(42)|(43)|(44)|(45)|(46)|(49)|(53)|(54)|(54)|((?&expression)))\\s*+,((?&expression),)\\s*+(?:(0)|(1)|(2)|(3)|(3)|(4)|(5)|(6)|(7)|(8)|(9)|(10)|(11)|(12)|(13)|(14)|(15)|(16)|(17)|(18)|(18)|(22)|(23)|(24)|(25)|(26)|(27)|(28)|(29)|(30)|(31)|(32)|(33)|(34)|(35)|(36)|(37)|(38)|(39)|(40)|(41)|(42)|(43)|(44)|(45)|(46)|(49)|(53)|(54)|(54)|((?&expression)))\\s*+,((?&expression),)\\s*+(?:(0)|(1)|(2)|(3)|(3)|(4)|(5)|(6)|(7)|(8)|(9)|(10)|(11)|(12)|(13)|(14)|(15)|(16)|(17)|(18)|(18)|(22)|(23)|(24)|(25)|(26)|(27)|(28)|(29)|(30)|(31)|(32)|(33)|(34)|(35)|(36)|(37)|(38)|(39)|(40)|(41)|(42)|(43)|(44)|(45)|(46)|(49)|(53)|(54)|(54)|((?&expression)))\\s*+([,)])",
			"to": "$1EditPlayerClass($2 ${3:+WEAPON_FIST:${4:+WEAPON_BRASSKNUCKLE:${5:+WEAPON_GOLFCLUB:${6:+WEAPON_NITESTICK:${7:+WEAPON_NIGHTSTICK:${8:+WEAPON_KNIFE:${9:+WEAPON_BAT:${10:+WEAPON_SHOVEL:${11:+WEAPON_POOLSTICK:${12:+WEAPON_KATANA:${13:+WEAPON_CHAINSAW:${14:+WEAPON_DILDO:${15:+WEAPON_DILDO2:${16:+WEAPON_VIBRATOR:${17:+WEAPON_VIBRATOR2:${18:+WEAPON_FLOWER:${19:+WEAPON_CANE:${20:+WEAPON_GRENADE:${21:+WEAPON_TEARGAS:${22:+WEAPON_MOLTOV:${23:+WEAPON_MOLOTOV:${24:+WEAPON_COLT45:${25:+WEAPON_SILENCED:${26:+WEAPON_DEAGLE:${27:+WEAPON_SHOTGUN:${28:+WEAPON_SAWEDOFF:${29:+WEAPON_SHOTGSPA:${30:+WEAPON_UZI:${31:+WEAPON_MP5:${32:+WEAPON_AK47:${33:+WEAPON_M4:${34:+WEAPON_TEC9:${35:+WEAPON_RIFLE:${36:+WEAPON_SNIPER:${37:+WEAPON_ROCKETLAUNCHER:${38:+WEAPON_HEATSEEKER:${39:+WEAPON_FLAMETHROWER:${40:+WEAPON_MINIGUN:${41:+WEAPON_SATCHEL:${42:+WEAPON_BOMB:${43:+WEAPON_SPRAYCAN:${44:+WEAPON_FIREEXTINGUISHER:${45:+WEAPON_CAMERA:${46:+WEAPON_NIGHT_VISION_GOGGLES:${47:+WEAPON_THERMAL_GOGGLES:${48:+WEAPON_PARACHUTE:${49:+WEAPON_VEHICLE:${50:+WEAPON_DROWN:${51:+WEAPON_COLLISION:${52:+WEAPON_SPLAT:$53}}}}}}}}}}}}}}}}}}}}}}}}}}}}}}}}}}}}}}}}}}}}}}}}}},$54 ${55:+WEAPON_FIST:${56:+WEAPON_BRASSKNUCKLE:${57:+WEAPON_GOLFCLUB:${58:+WEAPON_NITESTICK:${59:+WEAPON_NIGHTSTICK:${60:+WEAPON_KNIFE:${61:+WEAPON_BAT:${62:+WEAPON_SHOVEL:${63:+WEAPON_POOLSTICK:${64:+WEAPON_KATANA:${65:+WEAPON_CHAINSAW:${66:+WEAPON_DILDO:${67:+WEAPON_DILDO2:${68:+WEAPON_VIBRATOR:${69:+WEAPON_VIBRATOR2:${70:+WEAPON_FLOWER:${71:+WEAPON_CANE:${72:+WEAPON_GRENADE:${73:+WEAPON_TEARGAS:${74:+WEAPON_MOLTOV:${75:+WEAPON_MOLOTOV:${76:+WEAPON_COLT45:${77:+WEAPON_SILENCED:${78:+WEAPON_DEAGLE:${79:+WEAPON_SHOTGUN:${80:+WEAPON_SAWEDOFF:${81:+WEAPON_SHOTGSPA:${82:+WEAPON_UZI:${83:+WEAPON_MP5:${84:+WEAPON_AK47:${85:+WEAPON_M4:${86:+WEAPON_TEC9:${87:+WEAPON_RIFLE:${88:+WEAPON_SNIPER:${89:+WEAPON_ROCKETLAUNCHER:${90:+WEAPON_HEATSEEKER:${91:+WEAPON_FLAMETHROWER:${92:+WEAPON_MINIGUN:${93:+WEAPON_SATCHEL:${94:+WEAPON_BOMB:${95:+WEAPON_SPRAYCAN:${96:+WEAPON_FIREEXTINGUISHER:${97:+WEAPON_CAMERA:${98:+WEAPON_NIGHT_VISION_GOGGLES:${99:+WEAPON_THERMAL_GOGGLES:${100:+WEAPON_PARACHUTE:${101:+WEAPON_VEHICLE:${102:+WEAPON_DROWN:${103:+WEAPON_COLLISION:${104:+WEAPON_SPLAT:$105}}}}}}}}}}}}}}}}}}}}}}}}}}}}}}}}}}}}}}}}}}}}}}}}}},$106 ${107:+WEAPON_FIST:${108:+WEAPON_BRASSKNUCKLE:${109:+WEAPON_GOLFCLUB:${110:+WEAPON_NITESTICK:${111:+WEAPON_NIGHTSTICK:${112:+WEAPON_KNIFE:${113:+WEAPON_BAT:${114:+WEAPON_SHOVEL:${115:+WEAPON_POOLSTICK:${116:+WEAPON_KATANA:${117:+WEAPON_CHAINSAW:${118:+WEAPON_DILDO:${119:+WEAPON_DILDO2:${120:+WEAPON_VIBRATOR:${121:+WEAPON_VIBRATOR2:${122:+WEAPON_FLOWER:${123:+WEAPON_CANE:${124:+WEAPON_GRENADE:${125:+WEAPON_TEARGAS:${126:+WEAPON_MOLTOV:${127:+WEAPON_MOLOTOV:${128:+WEAPON_COLT45:${129:+WEAPON_SILENCED:${130:+WEAPON_DEAGLE:${131:+WEAPON_SHOTGUN:${132:+WEAPON_SAWEDOFF:${133:+WEAPON_SHOTGSPA:${134:+WEAPON_UZI:${135:+WEAPON_MP5:${136:+WEAPON_AK47:${137:+WEAPON_M4:${138:+WEAPON_TEC9:${139:+WEAPON_RIFLE:${140:+WEAPON_SNIPER:${141:+WEAPON_ROCKETLAUNCHER:${142:+WEAPON_HEATSEEKER:${143:+WEAPON_FLAMETHROWER:${144:+WEAPON_MINIGUN:${145:+WEAPON_SATCHEL:${146:+WEAPON_BOMB:${147:+WEAPON_SPRAYCAN:${148:+WEAPON_FIREEXTINGUISHER:${149:+WEAPON_CAMERA:${150:+WEAPON_NIGHT_VISION_GOGGLES:${151:+WEAPON_THERMAL_GOGGLES:${152:+WEAPON_PARACHUTE:${153:+WEAPON_VEHICLE:${154:+WEAPON_DROWN:${155:+WEAPON_COLLISION:${156:+WEAPON_SPLAT:$157}}}}}}}}}}}}}}}}}}}}}}}}}}}}}}}}}}}}}}}}}}}}}}}}}}$158"
		},
		{
			"description": "Add tags to `GetWeaponName`",
			"from": "((?&start))((?&stocks))\\s+(?:bool\\s*+:\\s*+)?((?&prefix))GetWeaponName\\s*+\\(\\s*+(?:const\\s++)?(?:&\\s*+)?(?:(?&tag)\\s*+)?((?&symbol))\\s*+(?:(?&squarebrackets)\\s*+)*+(?:=(?&expression))?([,)])",
			"to": "$1$2 bool:$3GetWeaponName(WEAPON:$4$5"
		},
		{
			"description": "Add enums to `GetWeaponName`",
			"from": "((?&prefix))GetWeaponName\\s*+\\(\\s*+(?:(0)|(1)|(2)|(3)|(3)|(4)|(5)|(6)|(7)|(8)|(9)|(10)|(11)|(12)|(13)|(14)|(15)|(16)|(17)|(18)|(18)|(22)|(23)|(24)|(25)|(26)|(27)|(28)|(29)|(30)|(31)|(32)|(33)|(34)|(35)|(36)|(37)|(38)|(39)|(40)|(41)|(42)|(43)|(44)|(45)|(46)|(49)|(53)|(54)|(54)|((?&expression)))\\s*+([,)])",
			"to": "$1GetWeaponName(${2:+WEAPON_FIST:${3:+WEAPON_BRASSKNUCKLE:${4:+WEAPON_GOLFCLUB:${5:+WEAPON_NITESTICK:${6:+WEAPON_NIGHTSTICK:${7:+WEAPON_KNIFE:${8:+WEAPON_BAT:${9:+WEAPON_SHOVEL:${10:+WEAPON_POOLSTICK:${11:+WEAPON_KATANA:${12:+WEAPON_CHAINSAW:${13:+WEAPON_DILDO:${14:+WEAPON_DILDO2:${15:+WEAPON_VIBRATOR:${16:+WEAPON_VIBRATOR2:${17:+WEAPON_FLOWER:${18:+WEAPON_CANE:${19:+WEAPON_GRENADE:${20:+WEAPON_TEARGAS:${21:+WEAPON_MOLTOV:${22:+WEAPON_MOLOTOV:${23:+WEAPON_COLT45:${24:+WEAPON_SILENCED:${25:+WEAPON_DEAGLE:${26:+WEAPON_SHOTGUN:${27:+WEAPON_SAWEDOFF:${28:+WEAPON_SHOTGSPA:${29:+WEAPON_UZI:${30:+WEAPON_MP5:${31:+WEAPON_AK47:${32:+WEAPON_M4:${33:+WEAPON_TEC9:${34:+WEAPON_RIFLE:${35:+WEAPON_SNIPER:${36:+WEAPON_ROCKETLAUNCHER:${37:+WEAPON_HEATSEEKER:${38:+WEAPON_FLAMETHROWER:${39:+WEAPON_MINIGUN:${40:+WEAPON_SATCHEL:${41:+WEAPON_BOMB:${42:+WEAPON_SPRAYCAN:${43:+WEAPON_FIREEXTINGUISHER:${44:+WEAPON_CAMERA:${45:+WEAPON_NIGHT_VISION_GOGGLES:${46:+WEAPON_THERMAL_GOGGLES:${47:+WEAPON_PARACHUTE:${48:+WEAPON_VEHICLE:${49:+WEAPON_DROWN:${50:+WEAPON_COLLISION:${51:+WEAPON_SPLAT:$52}}}}}}}}}}}}}}}}}}}}}}}}}}}}}}}}}}}}}}}}}}}}}}}}}}$53"
		},
		{
			"description": "Add tags to `GetWeaponSlot`",
			"from": "((?&start))((?&stocks))\\s+((?&prefix))GetWeaponSlot\\s*+\\(\\s*+(?:const\\s++)?(?:&\\s*+)?(?:(?&tag)\\s*+)?((?&symbol))\\s*+(?:(?&squarebrackets)\\s*+)*+(?:=(?&expression))?([,)])",
			"to": "$1$2 $3GetWeaponSlot(WEAPON:$4$5"
		},
		{
			"description": "Add enums to `GetWeaponSlot`",
			"from": "((?&prefix))GetWeaponSlot\\s*+\\(\\s*+(?:(0)|(1)|(2)|(3)|(3)|(4)|(5)|(6)|(7)|(8)|(9)|(10)|(11)|(12)|(13)|(14)|(15)|(16)|(17)|(18)|(18)|(22)|(23)|(24)|(25)|(26)|(27)|(28)|(29)|(30)|(31)|(32)|(33)|(34)|(35)|(36)|(37)|(38)|(39)|(40)|(41)|(42)|(43)|(44)|(45)|(46)|(49)|(53)|(54)|(54)|((?&expression)))\\s*+([,)])",
			"to": "$1GetWeaponSlot(${2:+WEAPON_FIST:${3:+WEAPON_BRASSKNUCKLE:${4:+WEAPON_GOLFCLUB:${5:+WEAPON_NITESTICK:${6:+WEAPON_NIGHTSTICK:${7:+WEAPON_KNIFE:${8:+WEAPON_BAT:${9:+WEAPON_SHOVEL:${10:+WEAPON_POOLSTICK:${11:+WEAPON_KATANA:${12:+WEAPON_CHAINSAW:${13:+WEAPON_DILDO:${14:+WEAPON_DILDO2:${15:+WEAPON_VIBRATOR:${16:+WEAPON_VIBRATOR2:${17:+WEAPON_FLOWER:${18:+WEAPON_CANE:${19:+WEAPON_GRENADE:${20:+WEAPON_TEARGAS:${21:+WEAPON_MOLTOV:${22:+WEAPON_MOLOTOV:${23:+WEAPON_COLT45:${24:+WEAPON_SILENCED:${25:+WEAPON_DEAGLE:${26:+WEAPON_SHOTGUN:${27:+WEAPON_SAWEDOFF:${28:+WEAPON_SHOTGSPA:${29:+WEAPON_UZI:${30:+WEAPON_MP5:${31:+WEAPON_AK47:${32:+WEAPON_M4:${33:+WEAPON_TEC9:${34:+WEAPON_RIFLE:${35:+WEAPON_SNIPER:${36:+WEAPON_ROCKETLAUNCHER:${37:+WEAPON_HEATSEEKER:${38:+WEAPON_FLAMETHROWER:${39:+WEAPON_MINIGUN:${40:+WEAPON_SATCHEL:${41:+WEAPON_BOMB:${42:+WEAPON_SPRAYCAN:${43:+WEAPON_FIREEXTINGUISHER:${44:+WEAPON_CAMERA:${45:+WEAPON_NIGHT_VISION_GOGGLES:${46:+WEAPON_THERMAL_GOGGLES:${47:+WEAPON_PARACHUTE:${48:+WEAPON_VEHICLE:${49:+WEAPON_DROWN:${50:+WEAPON_COLLISION:${51:+WEAPON_SPLAT:$52}}}}}}}}}}}}}}}}}}}}}}}}}}}}}}}}}}}}}}}}}}}}}}}}}}$53"
		},
		{
			"description": "Add tags to `GivePlayerWeapon`",
			"from": "((?&start))((?&stocks))\\s+((?&prefix))GivePlayerWeapon\\s*+\\((\\s*+(?&parameter)\\s*+,)\\s*+(?:const\\s++)?(?:&\\s*+)?(?:(?&tag)\\s*+)?((?&symbol))\\s*+(?:(?&squarebrackets)\\s*+)*+(?:=(?&expression))?([,)])",
			"to": "$1$2 $3GivePlayerWeapon($4 WEAPON:$5$6"
		},
		{
			"description": "Add enums to `GivePlayerWeapon`",
			"from": "((?&prefix))GivePlayerWeapon\\s*+\\(((?&expression),)\\s*+(?:(0)|(1)|(2)|(3)|(3)|(4)|(5)|(6)|(7)|(8)|(9)|(10)|(11)|(12)|(13)|(14)|(15)|(16)|(17)|(18)|(18)|(22)|(23)|(24)|(25)|(26)|(27)|(28)|(29)|(30)|(31)|(32)|(33)|(34)|(35)|(36)|(37)|(38)|(39)|(40)|(41)|(42)|(43)|(44)|(45)|(46)|(49)|(53)|(54)|(54)|((?&expression)))\\s*+([,)])",
			"to": "$1GivePlayerWeapon($2 ${3:+WEAPON_FIST:${4:+WEAPON_BRASSKNUCKLE:${5:+WEAPON_GOLFCLUB:${6:+WEAPON_NITESTICK:${7:+WEAPON_NIGHTSTICK:${8:+WEAPON_KNIFE:${9:+WEAPON_BAT:${10:+WEAPON_SHOVEL:${11:+WEAPON_POOLSTICK:${12:+WEAPON_KATANA:${13:+WEAPON_CHAINSAW:${14:+WEAPON_DILDO:${15:+WEAPON_DILDO2:${16:+WEAPON_VIBRATOR:${17:+WEAPON_VIBRATOR2:${18:+WEAPON_FLOWER:${19:+WEAPON_CANE:${20:+WEAPON_GRENADE:${21:+WEAPON_TEARGAS:${22:+WEAPON_MOLTOV:${23:+WEAPON_MOLOTOV:${24:+WEAPON_COLT45:${25:+WEAPON_SILENCED:${26:+WEAPON_DEAGLE:${27:+WEAPON_SHOTGUN:${28:+WEAPON_SAWEDOFF:${29:+WEAPON_SHOTGSPA:${30:+WEAPON_UZI:${31:+WEAPON_MP5:${32:+WEAPON_AK47:${33:+WEAPON_M4:${34:+WEAPON_TEC9:${35:+WEAPON_RIFLE:${36:+WEAPON_SNIPER:${37:+WEAPON_ROCKETLAUNCHER:${38:+WEAPON_HEATSEEKER:${39:+WEAPON_FLAMETHROWER:${40:+WEAPON_MINIGUN:${41:+WEAPON_SATCHEL:${42:+WEAPON_BOMB:${43:+WEAPON_SPRAYCAN:${44:+WEAPON_FIREEXTINGUISHER:${45:+WEAPON_CAMERA:${46:+WEAPON_NIGHT_VISION_GOGGLES:${47:+WEAPON_THERMAL_GOGGLES:${48:+WEAPON_PARACHUTE:${49:+WEAPON_VEHICLE:${50:+WEAPON_DROWN:${51:+WEAPON_COLLISION:${52:+WEAPON_SPLAT:$53}}}}}}}}}}}}}}}}}}}}}}}}}}}}}}}}}}}}}}}}}}}}}}}}}}$54"
		},
		{
			"description": "Add tags to `RemovePlayerWeapon`",
			"from": "((?&start))((?&stocks))\\s+((?&prefix))RemovePlayerWeapon\\s*+\\((\\s*+(?&parameter)\\s*+,)\\s*+(?:const\\s++)?(?:&\\s*+)?(?:(?&tag)\\s*+)?((?&symbol))\\s*+(?:(?&squarebrackets)\\s*+)*+(?:=(?&expression))?([,)])",
			"to": "$1$2 $3RemovePlayerWeapon($4 WEAPON:$5$6"
		},
		{
			"description": "Add enums to `RemovePlayerWeapon`",
			"from": "((?&prefix))RemovePlayerWeapon\\s*+\\(((?&expression),)\\s*+(?:(0)|(1)|(2)|(3)|(3)|(4)|(5)|(6)|(7)|(8)|(9)|(10)|(11)|(12)|(13)|(14)|(15)|(16)|(17)|(18)|(18)|(22)|(23)|(24)|(25)|(26)|(27)|(28)|(29)|(30)|(31)|(32)|(33)|(34)|(35)|(36)|(37)|(38)|(39)|(40)|(41)|(42)|(43)|(44)|(45)|(46)|(49)|(53)|(54)|(54)|((?&expression)))\\s*+([,)])",
			"to": "$1RemovePlayerWeapon($2 ${3:+WEAPON_FIST:${4:+WEAPON_BRASSKNUCKLE:${5:+WEAPON_GOLFCLUB:${6:+WEAPON_NITESTICK:${7:+WEAPON_NIGHTSTICK:${8:+WEAPON_KNIFE:${9:+WEAPON_BAT:${10:+WEAPON_SHOVEL:${11:+WEAPON_POOLSTICK:${12:+WEAPON_KATANA:${13:+WEAPON_CHAINSAW:${14:+WEAPON_DILDO:${15:+WEAPON_DILDO2:${16:+WEAPON_VIBRATOR:${17:+WEAPON_VIBRATOR2:${18:+WEAPON_FLOWER:${19:+WEAPON_CANE:${20:+WEAPON_GRENADE:${21:+WEAPON_TEARGAS:${22:+WEAPON_MOLTOV:${23:+WEAPON_MOLOTOV:${24:+WEAPON_COLT45:${25:+WEAPON_SILENCED:${26:+WEAPON_DEAGLE:${27:+WEAPON_SHOTGUN:${28:+WEAPON_SAWEDOFF:${29:+WEAPON_SHOTGSPA:${30:+WEAPON_UZI:${31:+WEAPON_MP5:${32:+WEAPON_AK47:${33:+WEAPON_M4:${34:+WEAPON_TEC9:${35:+WEAPON_RIFLE:${36:+WEAPON_SNIPER:${37:+WEAPON_ROCKETLAUNCHER:${38:+WEAPON_HEATSEEKER:${39:+WEAPON_FLAMETHROWER:${40:+WEAPON_MINIGUN:${41:+WEAPON_SATCHEL:${42:+WEAPON_BOMB:${43:+WEAPON_SPRAYCAN:${44:+WEAPON_FIREEXTINGUISHER:${45:+WEAPON_CAMERA:${46:+WEAPON_NIGHT_VISION_GOGGLES:${47:+WEAPON_THERMAL_GOGGLES:${48:+WEAPON_PARACHUTE:${49:+WEAPON_VEHICLE:${50:+WEAPON_DROWN:${51:+WEAPON_COLLISION:${52:+WEAPON_SPLAT:$53}}}}}}}}}}}}}}}}}}}}}}}}}}}}}}}}}}}}}}}}}}}}}}}}}}$54"
		},
		{
			"description": "Add tags to `SetPlayerAmmo`",
			"from": "((?&start))((?&stocks))\\s+((?&prefix))SetPlayerAmmo\\s*+\\((\\s*+(?&parameter)\\s*+,)\\s*+(?:const\\s++)?(?:&\\s*+)?(?:(?&tag)\\s*+)?((?&symbol))\\s*+(?:(?&squarebrackets)\\s*+)*+(?:=(?&expression))?([,)])",
			"to": "$1$2 $3SetPlayerAmmo($4 WEAPON:$5$6"
		},
		{
			"description": "Add enums to `SetPlayerAmmo`",
			"from": "((?&prefix))SetPlayerAmmo\\s*+\\(((?&expression),)\\s*+(?:(0)|(1)|(2)|(3)|(3)|(4)|(5)|(6)|(7)|(8)|(9)|(10)|(11)|(12)|(13)|(14)|(15)|(16)|(17)|(18)|(18)|(22)|(23)|(24)|(25)|(26)|(27)|(28)|(29)|(30)|(31)|(32)|(33)|(34)|(35)|(36)|(37)|(38)|(39)|(40)|(41)|(42)|(43)|(44)|(45)|(46)|(49)|(53)|(54)|(54)|((?&expression)))\\s*+([,)])",
			"to": "$1SetPlayerAmmo($2 ${3:+WEAPON_FIST:${4:+WEAPON_BRASSKNUCKLE:${5:+WEAPON_GOLFCLUB:${6:+WEAPON_NITESTICK:${7:+WEAPON_NIGHTSTICK:${8:+WEAPON_KNIFE:${9:+WEAPON_BAT:${10:+WEAPON_SHOVEL:${11:+WEAPON_POOLSTICK:${12:+WEAPON_KATANA:${13:+WEAPON_CHAINSAW:${14:+WEAPON_DILDO:${15:+WEAPON_DILDO2:${16:+WEAPON_VIBRATOR:${17:+WEAPON_VIBRATOR2:${18:+WEAPON_FLOWER:${19:+WEAPON_CANE:${20:+WEAPON_GRENADE:${21:+WEAPON_TEARGAS:${22:+WEAPON_MOLTOV:${23:+WEAPON_MOLOTOV:${24:+WEAPON_COLT45:${25:+WEAPON_SILENCED:${26:+WEAPON_DEAGLE:${27:+WEAPON_SHOTGUN:${28:+WEAPON_SAWEDOFF:${29:+WEAPON_SHOTGSPA:${30:+WEAPON_UZI:${31:+WEAPON_MP5:${32:+WEAPON_AK47:${33:+WEAPON_M4:${34:+WEAPON_TEC9:${35:+WEAPON_RIFLE:${36:+WEAPON_SNIPER:${37:+WEAPON_ROCKETLAUNCHER:${38:+WEAPON_HEATSEEKER:${39:+WEAPON_FLAMETHROWER:${40:+WEAPON_MINIGUN:${41:+WEAPON_SATCHEL:${42:+WEAPON_BOMB:${43:+WEAPON_SPRAYCAN:${44:+WEAPON_FIREEXTINGUISHER:${45:+WEAPON_CAMERA:${46:+WEAPON_NIGHT_VISION_GOGGLES:${47:+WEAPON_THERMAL_GOGGLES:${48:+WEAPON_PARACHUTE:${49:+WEAPON_VEHICLE:${50:+WEAPON_DROWN:${51:+WEAPON_COLLISION:${52:+WEAPON_SPLAT:$53}}}}}}}}}}}}}}}}}}}}}}}}}}}}}}}}}}}}}}}}}}}}}}}}}}$54"
		},
		{
			"description": "Add tags to `SetPlayerArmedWeapon`",
			"from": "((?&start))((?&stocks))\\s+((?&prefix))SetPlayerArmedWeapon\\s*+\\((\\s*+(?&parameter)\\s*+,)\\s*+(?:const\\s++)?(?:&\\s*+)?(?:(?&tag)\\s*+)?((?&symbol))\\s*+(?:(?&squarebrackets)\\s*+)*+(?:=(?&expression))?([,)])",
			"to": "$1$2 $3SetPlayerArmedWeapon($4 WEAPON:$5$6"
		},
		{
			"description": "Add enums to `SetPlayerArmedWeapon`",
			"from": "((?&prefix))SetPlayerArmedWeapon\\s*+\\(((?&expression),)\\s*+(?:(0)|(1)|(2)|(3)|(3)|(4)|(5)|(6)|(7)|(8)|(9)|(10)|(11)|(12)|(13)|(14)|(15)|(16)|(17)|(18)|(18)|(22)|(23)|(24)|(25)|(26)|(27)|(28)|(29)|(30)|(31)|(32)|(33)|(34)|(35)|(36)|(37)|(38)|(39)|(40)|(41)|(42)|(43)|(44)|(45)|(46)|(49)|(53)|(54)|(54)|((?&expression)))\\s*+([,)])",
			"to": "$1SetPlayerArmedWeapon($2 ${3:+WEAPON_FIST:${4:+WEAPON_BRASSKNUCKLE:${5:+WEAPON_GOLFCLUB:${6:+WEAPON_NITESTICK:${7:+WEAPON_NIGHTSTICK:${8:+WEAPON_KNIFE:${9:+WEAPON_BAT:${10:+WEAPON_SHOVEL:${11:+WEAPON_POOLSTICK:${12:+WEAPON_KATANA:${13:+WEAPON_CHAINSAW:${14:+WEAPON_DILDO:${15:+WEAPON_DILDO2:${16:+WEAPON_VIBRATOR:${17:+WEAPON_VIBRATOR2:${18:+WEAPON_FLOWER:${19:+WEAPON_CANE:${20:+WEAPON_GRENADE:${21:+WEAPON_TEARGAS:${22:+WEAPON_MOLTOV:${23:+WEAPON_MOLOTOV:${24:+WEAPON_COLT45:${25:+WEAPON_SILENCED:${26:+WEAPON_DEAGLE:${27:+WEAPON_SHOTGUN:${28:+WEAPON_SAWEDOFF:${29:+WEAPON_SHOTGSPA:${30:+WEAPON_UZI:${31:+WEAPON_MP5:${32:+WEAPON_AK47:${33:+WEAPON_M4:${34:+WEAPON_TEC9:${35:+WEAPON_RIFLE:${36:+WEAPON_SNIPER:${37:+WEAPON_ROCKETLAUNCHER:${38:+WEAPON_HEATSEEKER:${39:+WEAPON_FLAMETHROWER:${40:+WEAPON_MINIGUN:${41:+WEAPON_SATCHEL:${42:+WEAPON_BOMB:${43:+WEAPON_SPRAYCAN:${44:+WEAPON_FIREEXTINGUISHER:${45:+WEAPON_CAMERA:${46:+WEAPON_NIGHT_VISION_GOGGLES:${47:+WEAPON_THERMAL_GOGGLES:${48:+WEAPON_PARACHUTE:${49:+WEAPON_VEHICLE:${50:+WEAPON_DROWN:${51:+WEAPON_COLLISION:${52:+WEAPON_SPLAT:$53}}}}}}}}}}}}}}}}}}}}}}}}}}}}}}}}}}}}}}}}}}}}}}}}}}$54"
		},
		{
			"description": "Add tags to `GetPlayerWeaponData`",
			"from": "((?&start))((?&stocks))\\s+((?&prefix))GetPlayerWeaponData\\s*+\\(((?:\\s*+(?&parameter)\\s*+,){2})\\s*+(?:const\\s++)?(?:&\\s*+)?(?:(?&tag)\\s*+)?((?&symbol))\\s*+(?:(?&squarebrackets)\\s*+)*+(?:=(?&expression))?([,)])",
			"to": "$1$2 $3GetPlayerWeaponData($4 &WEAPON:$5$6"
		},
		{
			"description": "Add enums to `GetPlayerWeaponData`",
			"from": "((?&prefix))GetPlayerWeaponData\\s*+\\(((?:(?&expression),){2})\\s*+(?:(0)|(1)|(2)|(3)|(3)|(4)|(5)|(6)|(7)|(8)|(9)|(10)|(11)|(12)|(13)|(14)|(15)|(16)|(17)|(18)|(18)|(22)|(23)|(24)|(25)|(26)|(27)|(28)|(29)|(30)|(31)|(32)|(33)|(34)|(35)|(36)|(37)|(38)|(39)|(40)|(41)|(42)|(43)|(44)|(45)|(46)|(49)|(53)|(54)|(54)|((?&expression)))\\s*+([,)])",
			"to": "$1GetPlayerWeaponData($2 ${3:+WEAPON_FIST:${4:+WEAPON_BRASSKNUCKLE:${5:+WEAPON_GOLFCLUB:${6:+WEAPON_NITESTICK:${7:+WEAPON_NIGHTSTICK:${8:+WEAPON_KNIFE:${9:+WEAPON_BAT:${10:+WEAPON_SHOVEL:${11:+WEAPON_POOLSTICK:${12:+WEAPON_KATANA:${13:+WEAPON_CHAINSAW:${14:+WEAPON_DILDO:${15:+WEAPON_DILDO2:${16:+WEAPON_VIBRATOR:${17:+WEAPON_VIBRATOR2:${18:+WEAPON_FLOWER:${19:+WEAPON_CANE:${20:+WEAPON_GRENADE:${21:+WEAPON_TEARGAS:${22:+WEAPON_MOLTOV:${23:+WEAPON_MOLOTOV:${24:+WEAPON_COLT45:${25:+WEAPON_SILENCED:${26:+WEAPON_DEAGLE:${27:+WEAPON_SHOTGUN:${28:+WEAPON_SAWEDOFF:${29:+WEAPON_SHOTGSPA:${30:+WEAPON_UZI:${31:+WEAPON_MP5:${32:+WEAPON_AK47:${33:+WEAPON_M4:${34:+WEAPON_TEC9:${35:+WEAPON_RIFLE:${36:+WEAPON_SNIPER:${37:+WEAPON_ROCKETLAUNCHER:${38:+WEAPON_HEATSEEKER:${39:+WEAPON_FLAMETHROWER:${40:+WEAPON_MINIGUN:${41:+WEAPON_SATCHEL:${42:+WEAPON_BOMB:${43:+WEAPON_SPRAYCAN:${44:+WEAPON_FIREEXTINGUISHER:${45:+WEAPON_CAMERA:${46:+WEAPON_NIGHT_VISION_GOGGLES:${47:+WEAPON_THERMAL_GOGGLES:${48:+WEAPON_PARACHUTE:${49:+WEAPON_VEHICLE:${50:+WEAPON_DROWN:${51:+WEAPON_COLLISION:${52:+WEAPON_SPLAT:$53}}}}}}}}}}}}}}}}}}}}}}}}}}}}}}}}}}}}}}}}}}}}}}}}}}$54"
		},
		{
			"description": "Add tags to `ShowPlayerMarkers`",
			"from": "((?&start))((?&stocks))\\s+(?:void\\s*+:\\s*+)?((?&prefix))ShowPlayerMarkers\\s*+\\(\\s*+(?:const\\s++)?(?:&\\s*+)?(?:(?&tag)\\s*+)?((?&symbol))\\s*+(?:(?&squarebrackets)\\s*+)*+(?:=(?&expression))?([,)])",
			"to": "$1$2 void:$3ShowPlayerMarkers(PLAYER_MARKERS_MODE:$4$5"
		},
		{
			"description": "Add enums to `ShowPlayerMarkers`",
			"from": "((?&prefix))ShowPlayerMarkers\\s*+\\(\\s*+(?:(0)|(1)|(2)|((?&expression)))\\s*+([,)])",
			"to": "$1ShowPlayerMarkers(${2:+PLAYER_MARKERS_MODE_OFF:${3:+PLAYER_MARKERS_MODE_GLOBAL:${4:+PLAYER_MARKERS_MODE_STREAMED:$5}}}$6"
		},
		{
			"description": "Add tags to `SetPlayerRaceCheckpoint`",
			"from": "((?&start))((?&stocks))\\s+(?:bool\\s*+:\\s*+)?((?&prefix))SetPlayerRaceCheckpoint\\s*+\\((\\s*+(?&parameter)\\s*+,)\\s*+(?:const\\s++)?(?:&\\s*+)?(?:(?&tag)\\s*+)?((?&symbol))\\s*+(?:(?&squarebrackets)\\s*+)*+(?:=(?&expression))?([,)])",
			"to": "$1$2 bool:$3SetPlayerRaceCheckpoint($4 CP_TYPE:$5$6"
		},
		{
			"description": "Add enums to `SetPlayerRaceCheckpoint`",
			"from": "((?&prefix))SetPlayerRaceCheckpoint\\s*+\\(((?&expression),)\\s*+(?:(0)|(1)|(2)|(3)|(4)|(5)|(6)|(7)|(8)|((?&expression)))\\s*+([,)])",
			"to": "$1SetPlayerRaceCheckpoint($2 ${3:+CP_TYPE_GROUND_NORMAL:${4:+CP_TYPE_GROUND_FINISH:${5:+CP_TYPE_GROUND_EMPTY:${6:+CP_TYPE_AIR_NORMAL:${7:+CP_TYPE_AIR_FINISH:${8:+CP_TYPE_AIR_ROTATING:${9:+CP_TYPE_AIR_STROBING:${10:+CP_TYPE_AIR_SWINGING:${11:+CP_TYPE_AIR_BOBBING:$12}}}}}}}}}$13"
		},
		{
			"description": "Add tags to `ShowPlayerDialog`",
			"from": "((?&start))((?&stocks))\\s+(?:bool\\s*+:\\s*+)?((?&prefix))ShowPlayerDialog\\s*+\\(((?:\\s*+(?&parameter)\\s*+,){2})\\s*+(?:const\\s++)?(?:&\\s*+)?(?:(?&tag)\\s*+)?((?&symbol))\\s*+(?:(?&squarebrackets)\\s*+)*+(?:=(?&expression))?([,)])",
			"to": "$1$2 bool:$3ShowPlayerDialog($4 DIALOG_STYLE:$5$6"
		},
		{
			"description": "Add enums to `ShowPlayerDialog`",
			"from": "((?&prefix))ShowPlayerDialog\\s*+\\(((?:(?&expression),){2})\\s*+(?:(0)|(1)|(2)|(3)|(4)|(5)|((?&expression)))\\s*+([,)])",
			"to": "$1ShowPlayerDialog($2 ${3:+DIALOG_STYLE_MSGBOX:${4:+DIALOG_STYLE_INPUT:${5:+DIALOG_STYLE_LIST:${6:+DIALOG_STYLE_PASSWORD:${7:+DIALOG_STYLE_TABLIST:${8:+DIALOG_STYLE_TABLIST_HEADERS:$9}}}}}}$10"
		},
		{
			"description": "Add tags to `GetPlayerDialogData`",
			"from": "((?&start))((?&stocks))\\s+(?:bool\\s*+:\\s*+)?((?&prefix))GetPlayerDialogData\\s*+\\((\\s*+(?&parameter)\\s*+,)\\s*+(?:const\\s++)?(?:&\\s*+)?(?:(?&tag)\\s*+)?((?&symbol))\\s*+(?:(?&squarebrackets)\\s*+)*+(?:=(?&expression))?([,)])",
			"to": "$1$2 bool:$3GetPlayerDialogData($4 &DIALOG_STYLE:$5$6"
		},
		{
			"description": "Add enums to `GetPlayerDialogData`",
			"from": "((?&prefix))GetPlayerDialogData\\s*+\\(((?&expression),)\\s*+(?:(0)|(1)|(2)|(3)|(4)|(5)|((?&expression)))\\s*+([,)])",
			"to": "$1GetPlayerDialogData($2 ${3:+DIALOG_STYLE_MSGBOX:${4:+DIALOG_STYLE_INPUT:${5:+DIALOG_STYLE_LIST:${6:+DIALOG_STYLE_PASSWORD:${7:+DIALOG_STYLE_TABLIST:${8:+DIALOG_STYLE_TABLIST_HEADERS:$9}}}}}}$10"
		},
		{
			"description": "Add tags to `HTTP`",
			"from": "((?&start))((?&stocks))\\s+((?&prefix))HTTP\\s*+\\((\\s*+(?&parameter)\\s*+,)\\s*+(?:const\\s++)?(?:&\\s*+)?(?:(?&tag)\\s*+)?((?&symbol))\\s*+(?:(?&squarebrackets)\\s*+)*+(?:=(?&expression))?([,)])",
			"to": "$1$2 $3HTTP($4 HTTP_METHOD:$5$6"
		},
		{
			"description": "Add enums to `HTTP`",
			"from": "((?&prefix))HTTP\\s*+\\(((?&expression),)\\s*+(?:(1)|(2)|(3)|((?&expression)))\\s*+([,)])",
			"to": "$1HTTP($2 ${3:+HTTP_GET:${4:+HTTP_POST:${5:+HTTP_HEAD:$6}}}$7"
		},
		{
			"description": "Add tags to `SetObjectMaterialText`",
			"from": "((?&start))((?&stocks))\\s+(?:bool\\s*+:\\s*+)?((?&prefix))SetObjectMaterialText\\s*+\\(((?:\\s*+(?&parameter)\\s*+,){3})\\s*+(?:const\\s++)?(?:&\\s*+)?(?:(?&tag)\\s*+)?((?&symbol))\\s*+(?:(?&squarebrackets)\\s*+)*+(?:=(?&expression))?([,)])",
			"to": "$1$2 bool:$3SetObjectMaterialText($4 OBJECT_MATERIAL_SIZE:$5 = OBJECT_MATERIAL_SIZE_256x128$6"
		},
		{
			"description": "Add enums to `SetObjectMaterialText`",
			"from": "((?&prefix))SetObjectMaterialText\\s*+\\(((?:(?&expression),){3})\\s*+(?:(10)|(11)|(12)|(13)|(14)|(15)|(16)|(17)|(18)|(19)|(20)|(21)|(22)|(23)|((?&expression)))\\s*+([,)])",
			"to": "$1SetObjectMaterialText($2 ${3:+OBJECT_MATERIAL_SIZE_32x32:${4:+OBJECT_MATERIAL_SIZE_64x32:${5:+OBJECT_MATERIAL_SIZE_64x64:${6:+OBJECT_MATERIAL_SIZE_128x32:${7:+OBJECT_MATERIAL_SIZE_128x64:${8:+OBJECT_MATERIAL_SIZE_128x128:${9:+OBJECT_MATERIAL_SIZE_256x32:${10:+OBJECT_MATERIAL_SIZE_256x64:${11:+OBJECT_MATERIAL_SIZE_256x128:${12:+OBJECT_MATERIAL_SIZE_256x256:${13:+OBJECT_MATERIAL_SIZE_512x64:${14:+OBJECT_MATERIAL_SIZE_512x128:${15:+OBJECT_MATERIAL_SIZE_512x256:${16:+OBJECT_MATERIAL_SIZE_512x512:$17}}}}}}}}}}}}}}$18"
		},
		{
			"description": "Add tags to `SetPlayerObjectMaterialText`",
			"from": "((?&start))((?&stocks))\\s+(?:bool\\s*+:\\s*+)?((?&prefix))SetPlayerObjectMaterialText\\s*+\\(((?:\\s*+(?&parameter)\\s*+,){4})\\s*+(?:const\\s++)?(?:&\\s*+)?(?:(?&tag)\\s*+)?((?&symbol))\\s*+(?:(?&squarebrackets)\\s*+)*+(?:=(?&expression))?([,)])",
			"to": "$1$2 bool:$3SetPlayerObjectMaterialText($4 OBJECT_MATERIAL_SIZE:$5 = OBJECT_MATERIAL_SIZE_256x128$6"
		},
		{
			"description": "Add enums to `SetPlayerObjectMaterialText`",
			"from": "((?&prefix))SetPlayerObjectMaterialText\\s*+\\(((?:(?&expression),){4})\\s*+(?:(10)|(11)|(12)|(13)|(14)|(15)|(16)|(17)|(18)|(19)|(20)|(21)|(22)|(23)|((?&expression)))\\s*+([,)])",
			"to": "$1SetPlayerObjectMaterialText($2 ${3:+OBJECT_MATERIAL_SIZE_32x32:${4:+OBJECT_MATERIAL_SIZE_64x32:${5:+OBJECT_MATERIAL_SIZE_64x64:${6:+OBJECT_MATERIAL_SIZE_128x32:${7:+OBJECT_MATERIAL_SIZE_128x64:${8:+OBJECT_MATERIAL_SIZE_128x128:${9:+OBJECT_MATERIAL_SIZE_256x32:${10:+OBJECT_MATERIAL_SIZE_256x64:${11:+OBJECT_MATERIAL_SIZE_256x128:${12:+OBJECT_MATERIAL_SIZE_256x256:${13:+OBJECT_MATERIAL_SIZE_512x64:${14:+OBJECT_MATERIAL_SIZE_512x128:${15:+OBJECT_MATERIAL_SIZE_512x256:${16:+OBJECT_MATERIAL_SIZE_512x512:$17}}}}}}}}}}}}}}$18"
		},
		{
			"description": "Add tags to `GetObjectMaterialText`",
			"from": "((?&start))((?&stocks))\\s+(?:bool\\s*+:\\s*+)?((?&prefix))GetObjectMaterialText\\s*+\\(((?:\\s*+(?&parameter)\\s*+,){4})\\s*+(?:const\\s++)?(?:&\\s*+)?(?:(?&tag)\\s*+)?((?&symbol))\\s*+(?:(?&squarebrackets)\\s*+)*+(?:=(?&expression))?([,)])",
			"to": "$1$2 bool:$3GetObjectMaterialText($4 &OBJECT_MATERIAL_SIZE:$5$6"
		},
		{
			"description": "Add enums to `GetObjectMaterialText`",
			"from": "((?&prefix))GetObjectMaterialText\\s*+\\(((?:(?&expression),){4})\\s*+(?:(10)|(11)|(12)|(13)|(14)|(15)|(16)|(17)|(18)|(19)|(20)|(21)|(22)|(23)|((?&expression)))\\s*+([,)])",
			"to": "$1GetObjectMaterialText($2 ${3:+OBJECT_MATERIAL_SIZE_32x32:${4:+OBJECT_MATERIAL_SIZE_64x32:${5:+OBJECT_MATERIAL_SIZE_64x64:${6:+OBJECT_MATERIAL_SIZE_128x32:${7:+OBJECT_MATERIAL_SIZE_128x64:${8:+OBJECT_MATERIAL_SIZE_128x128:${9:+OBJECT_MATERIAL_SIZE_256x32:${10:+OBJECT_MATERIAL_SIZE_256x64:${11:+OBJECT_MATERIAL_SIZE_256x128:${12:+OBJECT_MATERIAL_SIZE_256x256:${13:+OBJECT_MATERIAL_SIZE_512x64:${14:+OBJECT_MATERIAL_SIZE_512x128:${15:+OBJECT_MATERIAL_SIZE_512x256:${16:+OBJECT_MATERIAL_SIZE_512x512:$17}}}}}}}}}}}}}}$18"
		},
		{
			"description": "Add tags to `GetPlayerObjectMaterialText`",
			"from": "((?&start))((?&stocks))\\s+(?:bool\\s*+:\\s*+)?((?&prefix))GetPlayerObjectMaterialText\\s*+\\(((?:\\s*+(?&parameter)\\s*+,){5})\\s*+(?:const\\s++)?(?:&\\s*+)?(?:(?&tag)\\s*+)?((?&symbol))\\s*+(?:(?&squarebrackets)\\s*+)*+(?:=(?&expression))?([,)])",
			"to": "$1$2 bool:$3GetPlayerObjectMaterialText($4 &OBJECT_MATERIAL_SIZE:$5$6"
		},
		{
			"description": "Add enums to `GetPlayerObjectMaterialText`",
			"from": "((?&prefix))GetPlayerObjectMaterialText\\s*+\\(((?:(?&expression),){5})\\s*+(?:(10)|(11)|(12)|(13)|(14)|(15)|(16)|(17)|(18)|(19)|(20)|(21)|(22)|(23)|((?&expression)))\\s*+([,)])",
			"to": "$1GetPlayerObjectMaterialText($2 ${3:+OBJECT_MATERIAL_SIZE_32x32:${4:+OBJECT_MATERIAL_SIZE_64x32:${5:+OBJECT_MATERIAL_SIZE_64x64:${6:+OBJECT_MATERIAL_SIZE_128x32:${7:+OBJECT_MATERIAL_SIZE_128x64:${8:+OBJECT_MATERIAL_SIZE_128x128:${9:+OBJECT_MATERIAL_SIZE_256x32:${10:+OBJECT_MATERIAL_SIZE_256x64:${11:+OBJECT_MATERIAL_SIZE_256x128:${12:+OBJECT_MATERIAL_SIZE_256x256:${13:+OBJECT_MATERIAL_SIZE_512x64:${14:+OBJECT_MATERIAL_SIZE_512x128:${15:+OBJECT_MATERIAL_SIZE_512x256:${16:+OBJECT_MATERIAL_SIZE_512x512:$17}}}}}}}}}}}}}}$18"
		},
		{
			"description": "Add tags to `SetObjectMaterialText`",
			"from": "((?&start))((?&stocks))\\s+(?:bool\\s*+:\\s*+)?((?&prefix))SetObjectMaterialText\\s*+\\(((?:\\s*+(?&parameter)\\s*+,){9})\\s*+(?:const\\s++)?(?:&\\s*+)?(?:(?&tag)\\s*+)?((?&symbol))\\s*+(?:(?&squarebrackets)\\s*+)*+(?:=(?&expression))?([,)])",
			"to": "$1$2 bool:$3SetObjectMaterialText($4 OBJECT_MATERIAL_TEXT_ALIGN:$5 = OBJECT_MATERIAL_TEXT_ALIGN_LEFT$6"
		},
		{
			"description": "Add enums to `SetObjectMaterialText`",
			"from": "((?&prefix))SetObjectMaterialText\\s*+\\(((?:(?&expression),){9})\\s*+(?:(1)|(1)|(2)|(0)|(1)|(2)|((?&expression)))\\s*+([,)])",
			"to": "$1SetObjectMaterialText($2 ${3:+OBJECT_MATERIAL_TEXT_ALIGN_CENTRE:${4:+OBJECT_MATERIAL_TEXT_ALIGN_CENTER:${5:+OBJECT_MATERIAL_TEXT_ALIGN_RIGHT:${6:+OBJECT_MATERIAL_TEXT_ALIGN_LEFT:${7:+OBJECT_MATERIAL_TEXT_ALIGN_CENT:${8:+OBJECT_MATERIAL_TEXT_ALIGN_RIGT:$9}}}}}}$10"
		},
		{
			"description": "Add tags to `SetPlayerObjectMaterialText`",
			"from": "((?&start))((?&stocks))\\s+(?:bool\\s*+:\\s*+)?((?&prefix))SetPlayerObjectMaterialText\\s*+\\(((?:\\s*+(?&parameter)\\s*+,){10})\\s*+(?:const\\s++)?(?:&\\s*+)?(?:(?&tag)\\s*+)?((?&symbol))\\s*+(?:(?&squarebrackets)\\s*+)*+(?:=(?&expression))?([,)])",
			"to": "$1$2 bool:$3SetPlayerObjectMaterialText($4 OBJECT_MATERIAL_TEXT_ALIGN:$5 = OBJECT_MATERIAL_TEXT_ALIGN_LEFT$6"
		},
		{
			"description": "Add enums to `SetPlayerObjectMaterialText`",
			"from": "((?&prefix))SetPlayerObjectMaterialText\\s*+\\(((?:(?&expression),){10})\\s*+(?:(1)|(1)|(2)|(0)|(1)|(2)|((?&expression)))\\s*+([,)])",
			"to": "$1SetPlayerObjectMaterialText($2 ${3:+OBJECT_MATERIAL_TEXT_ALIGN_CENTRE:${4:+OBJECT_MATERIAL_TEXT_ALIGN_CENTER:${5:+OBJECT_MATERIAL_TEXT_ALIGN_RIGHT:${6:+OBJECT_MATERIAL_TEXT_ALIGN_LEFT:${7:+OBJECT_MATERIAL_TEXT_ALIGN_CENT:${8:+OBJECT_MATERIAL_TEXT_ALIGN_RIGT:$9}}}}}}$10"
		},
		{
			"description": "Add tags to `GetObjectMaterialText`",
			"from": "((?&start))((?&stocks))\\s+(?:bool\\s*+:\\s*+)?((?&prefix))GetObjectMaterialText\\s*+\\(((?:\\s*+(?&parameter)\\s*+,){11})\\s*+(?:const\\s++)?(?:&\\s*+)?(?:(?&tag)\\s*+)?((?&symbol))\\s*+(?:(?&squarebrackets)\\s*+)*+(?:=(?&expression))?([,)])",
			"to": "$1$2 bool:$3GetObjectMaterialText($4 &OBJECT_MATERIAL_TEXT_ALIGN:$5 = OBJECT_MATERIAL_TEXT_ALIGN_LEFT$6"
		},
		{
			"description": "Add enums to `GetObjectMaterialText`",
			"from": "((?&prefix))GetObjectMaterialText\\s*+\\(((?:(?&expression),){11})\\s*+(?:(1)|(1)|(2)|(0)|(1)|(2)|((?&expression)))\\s*+([,)])",
			"to": "$1GetObjectMaterialText($2 ${3:+OBJECT_MATERIAL_TEXT_ALIGN_CENTRE:${4:+OBJECT_MATERIAL_TEXT_ALIGN_CENTER:${5:+OBJECT_MATERIAL_TEXT_ALIGN_RIGHT:${6:+OBJECT_MATERIAL_TEXT_ALIGN_LEFT:${7:+OBJECT_MATERIAL_TEXT_ALIGN_CENT:${8:+OBJECT_MATERIAL_TEXT_ALIGN_RIGT:$9}}}}}}$10"
		},
		{
			"description": "Add tags to `GetPlayerObjectMaterialText`",
			"from": "((?&start))((?&stocks))\\s+(?:bool\\s*+:\\s*+)?((?&prefix))GetPlayerObjectMaterialText\\s*+\\(((?:\\s*+(?&parameter)\\s*+,){12})\\s*+(?:const\\s++)?(?:&\\s*+)?(?:(?&tag)\\s*+)?((?&symbol))\\s*+(?:(?&squarebrackets)\\s*+)*+(?:=(?&expression))?([,)])",
			"to": "$1$2 bool:$3GetPlayerObjectMaterialText($4 &OBJECT_MATERIAL_TEXT_ALIGN:$5 = OBJECT_MATERIAL_TEXT_ALIGN_LEFT$6"
		},
		{
			"description": "Add enums to `GetPlayerObjectMaterialText`",
			"from": "((?&prefix))GetPlayerObjectMaterialText\\s*+\\(((?:(?&expression),){12})\\s*+(?:(1)|(1)|(2)|(0)|(1)|(2)|((?&expression)))\\s*+([,)])",
			"to": "$1GetPlayerObjectMaterialText($2 ${3:+OBJECT_MATERIAL_TEXT_ALIGN_CENTRE:${4:+OBJECT_MATERIAL_TEXT_ALIGN_CENTER:${5:+OBJECT_MATERIAL_TEXT_ALIGN_RIGHT:${6:+OBJECT_MATERIAL_TEXT_ALIGN_LEFT:${7:+OBJECT_MATERIAL_TEXT_ALIGN_CENT:${8:+OBJECT_MATERIAL_TEXT_ALIGN_RIGT:$9}}}}}}$10"
		},
		{
			"description": "Add tags to `SetPlayerSpecialAction`",
			"from": "((?&start))((?&stocks))\\s+((?&prefix))SetPlayerSpecialAction\\s*+\\((\\s*+(?&parameter)\\s*+,)\\s*+(?:const\\s++)?(?:&\\s*+)?(?:(?&tag)\\s*+)?((?&symbol))\\s*+(?:(?&squarebrackets)\\s*+)*+(?:=(?&expression))?([,)])",
			"to": "$1$2 $3SetPlayerSpecialAction($4 SPECIAL_ACTION:$5$6"
		},
		{
			"description": "Add enums to `SetPlayerSpecialAction`",
			"from": "((?&prefix))SetPlayerSpecialAction\\s*+\\(((?&expression),)\\s*+(?:(0)|(1)|(2)|(3)|(4)|(5)|(6)|(7)|(8)|(10)|(11)|(12)|(13)|(20)|(21)|(22)|(23)|(24)|(25)|(68)|((?&expression)))\\s*+([,)])",
			"to": "$1SetPlayerSpecialAction($2 ${3:+SPECIAL_ACTION_NONE:${4:+SPECIAL_ACTION_DUCK:${5:+SPECIAL_ACTION_USEJETPACK:${6:+SPECIAL_ACTION_ENTER_VEHICLE:${7:+SPECIAL_ACTION_EXIT_VEHICLE:${8:+SPECIAL_ACTION_DANCE1:${9:+SPECIAL_ACTION_DANCE2:${10:+SPECIAL_ACTION_DANCE3:${11:+SPECIAL_ACTION_DANCE4:${12:+SPECIAL_ACTION_HANDSUP:${13:+SPECIAL_ACTION_USECELLPHONE:${14:+SPECIAL_ACTION_SITTING:${15:+SPECIAL_ACTION_STOPUSECELLPHONE:${16:+SPECIAL_ACTION_DRINK_BEER:${17:+SPECIAL_ACTION_SMOKE_CIGGY:${18:+SPECIAL_ACTION_DRINK_WINE:${19:+SPECIAL_ACTION_DRINK_SPRUNK:${20:+SPECIAL_ACTION_CUFFED:${21:+SPECIAL_ACTION_CARRY:${22:+SPECIAL_ACTION_PISSING:$23}}}}}}}}}}}}}}}}}}}}$24"
		},
		{
			"description": "Add tags to `SetPlayerFightingStyle`",
			"from": "((?&start))((?&stocks))\\s+((?&prefix))SetPlayerFightingStyle\\s*+\\((\\s*+(?&parameter)\\s*+,)\\s*+(?:const\\s++)?(?:&\\s*+)?(?:(?&tag)\\s*+)?((?&symbol))\\s*+(?:(?&squarebrackets)\\s*+)*+(?:=(?&expression))?([,)])",
			"to": "$1$2 $3SetPlayerFightingStyle($4 FIGHT_STYLE:$5$6"
		},
		{
			"description": "Add enums to `SetPlayerFightingStyle`",
			"from": "((?&prefix))SetPlayerFightingStyle\\s*+\\(((?&expression),)\\s*+(?:(4)|(5)|(6)|(7)|(15)|(16)|((?&expression)))\\s*+([,)])",
			"to": "$1SetPlayerFightingStyle($2 ${3:+FIGHT_STYLE_NORMAL:${4:+FIGHT_STYLE_BOXING:${5:+FIGHT_STYLE_KUNGFU:${6:+FIGHT_STYLE_KNEEHEAD:${7:+FIGHT_STYLE_GRABKICK:${8:+FIGHT_STYLE_ELBOW:$9}}}}}}$10"
		},
		{
			"description": "Add tags to `SetPlayerSkillLevel`",
			"from": "((?&start))((?&stocks))\\s+((?&prefix))SetPlayerSkillLevel\\s*+\\((\\s*+(?&parameter)\\s*+,)\\s*+(?:const\\s++)?(?:&\\s*+)?(?:(?&tag)\\s*+)?((?&symbol))\\s*+(?:(?&squarebrackets)\\s*+)*+(?:=(?&expression))?([,)])",
			"to": "$1$2 $3SetPlayerSkillLevel($4 WEAPONSKILL:$5$6"
		},
		{
			"description": "Add enums to `SetPlayerSkillLevel`",
			"from": "((?&prefix))SetPlayerSkillLevel\\s*+\\(((?&expression),)\\s*+(?:(0)|(1)|(2)|(3)|(4)|(5)|(6)|(7)|(8)|(9)|(10)|((?&expression)))\\s*+([,)])",
			"to": "$1SetPlayerSkillLevel($2 ${3:+WEAPONSKILL_PISTOL:${4:+WEAPONSKILL_PISTOL_SILENCED:${5:+WEAPONSKILL_DESERT_EAGLE:${6:+WEAPONSKILL_SHOTGUN:${7:+WEAPONSKILL_SAWNOFF_SHOTGUN:${8:+WEAPONSKILL_SPAS12_SHOTGUN:${9:+WEAPONSKILL_MICRO_UZI:${10:+WEAPONSKILL_MP5:${11:+WEAPONSKILL_AK47:${12:+WEAPONSKILL_M4:${13:+WEAPONSKILL_SNIPERRIFLE:$14}}}}}}}}}}}$15"
		},
		{
			"description": "Add tags to `GetPlayerKeys`",
			"from": "((?&start))((?&stocks))\\s+((?&prefix))GetPlayerKeys\\s*+\\((\\s*+(?&parameter)\\s*+,)\\s*+(?:const\\s++)?(?:&\\s*+)?(?:(?&tag)\\s*+)?((?&symbol))\\s*+(?:(?&squarebrackets)\\s*+)*+(?:=(?&expression))?,\\s*+(?:const\\s++)?(?:&\\s*+)?(?:(?&tag)\\s*+)?((?&symbol))\\s*+(?:(?&squarebrackets)\\s*+)*+(?:=(?&expression))?,\\s*+(?:const\\s++)?(?:&\\s*+)?(?:(?&tag)\\s*+)?((?&symbol))\\s*+(?:(?&squarebrackets)\\s*+)*+(?:=(?&expression))?([,)])",
			"to": "$1$2 $3GetPlayerKeys($4 &KEY:$5, &KEY:$6, &KEY:$7$8"
		},
		{
			"description": "Add enums to `GetPlayerKeys`",
			"from": "((?&prefix))GetPlayerKeys\\s*+\\(((?&expression),)\\s*+(?:(1)|(2)|(3)|(4)|(5)|(6)|(7)|(8)|(9)|(10)|(10)|(11)|(12)|(13)|(14)|(15)|(65536)|(65537)|(65538)|(-128)|(128)|(-128)|(128)|((?&expression)))\\s*+,\\s*+(?:(1)|(2)|(3)|(4)|(5)|(6)|(7)|(8)|(9)|(10)|(10)|(11)|(12)|(13)|(14)|(15)|(65536)|(65537)|(65538)|(-128)|(128)|(-128)|(128)|((?&expression)))\\s*+,\\s*+(?:(1)|(2)|(3)|(4)|(5)|(6)|(7)|(8)|(9)|(10)|(10)|(11)|(12)|(13)|(14)|(15)|(65536)|(65537)|(65538)|(-128)|(128)|(-128)|(128)|((?&expression)))\\s*+([,)])",
			"to": "$1GetPlayerKeys($2 ${3:+KEY_ACTION:${4:+KEY_CROUCH:${5:+KEY_FIRE:${6:+KEY_SPRINT:${7:+KEY_SECONDARY_ATTACK:${8:+KEY_JUMP:${9:+KEY_LOOK_RIGHT:${10:+KEY_HANDBRAKE:${11:+KEY_LOOK_LEFT:${12:+KEY_SUBMISSION:${13:+KEY_LOOK_BEHIND:${14:+KEY_WALK:${15:+KEY_ANALOG_UP:${16:+KEY_ANALOG_DOWN:${17:+KEY_ANALOG_LEFT:${18:+KEY_ANALOG_RIGHT:${19:+KEY_YES:${20:+KEY_NO:${21:+KEY_CTRL_BACK:${22:+KEY_UP:${23:+KEY_DOWN:${24:+KEY_LEFT:${25:+KEY_RIGHT:$26}}}}}}}}}}}}}}}}}}}}}}}, ${27:+KEY_ACTION:${28:+KEY_CROUCH:${29:+KEY_FIRE:${30:+KEY_SPRINT:${31:+KEY_SECONDARY_ATTACK:${32:+KEY_JUMP:${33:+KEY_LOOK_RIGHT:${34:+KEY_HANDBRAKE:${35:+KEY_LOOK_LEFT:${36:+KEY_SUBMISSION:${37:+KEY_LOOK_BEHIND:${38:+KEY_WALK:${39:+KEY_ANALOG_UP:${40:+KEY_ANALOG_DOWN:${41:+KEY_ANALOG_LEFT:${42:+KEY_ANALOG_RIGHT:${43:+KEY_YES:${44:+KEY_NO:${45:+KEY_CTRL_BACK:${46:+KEY_UP:${47:+KEY_DOWN:${48:+KEY_LEFT:${49:+KEY_RIGHT:$50}}}}}}}}}}}}}}}}}}}}}}}, ${51:+KEY_ACTION:${52:+KEY_CROUCH:${53:+KEY_FIRE:${54:+KEY_SPRINT:${55:+KEY_SECONDARY_ATTACK:${56:+KEY_JUMP:${57:+KEY_LOOK_RIGHT:${58:+KEY_HANDBRAKE:${59:+KEY_LOOK_LEFT:${60:+KEY_SUBMISSION:${61:+KEY_LOOK_BEHIND:${62:+KEY_WALK:${63:+KEY_ANALOG_UP:${64:+KEY_ANALOG_DOWN:${65:+KEY_ANALOG_LEFT:${66:+KEY_ANALOG_RIGHT:${67:+KEY_YES:${68:+KEY_NO:${69:+KEY_CTRL_BACK:${70:+KEY_UP:${71:+KEY_DOWN:${72:+KEY_LEFT:${73:+KEY_RIGHT:$74}}}}}}}}}}}}}}}}}}}}}}}$75"
		},
		{
			"description": "Add tags to `SetPlayerCameraLookAt`",
			"from": "((?&start))((?&stocks))\\s+((?&prefix))SetPlayerCameraLookAt\\s*+\\(((?:\\s*+(?&parameter)\\s*+,){4})\\s*+(?:const\\s++)?(?:&\\s*+)?(?:(?&tag)\\s*+)?((?&symbol))\\s*+(?:(?&squarebrackets)\\s*+)*+(?:=(?&expression))?([,)])",
			"to": "$1$2 $3SetPlayerCameraLookAt($4 CAM_MOVE:$5 = CAMERA_CUT$6"
		},
		{
			"description": "Add enums to `SetPlayerCameraLookAt`",
			"from": "((?&prefix))SetPlayerCameraLookAt\\s*+\\(((?:(?&expression),){4})\\s*+(?:(1)|(2)|((?&expression)))\\s*+([,)])",
			"to": "$1SetPlayerCameraLookAt($2 ${3:+CAMERA_MOVE:${4:+CAMERA_CUT:$5}}$6"
		},
		{
			"description": "Add tags to `InterpolateCameraPos`",
			"from": "((?&start))((?&stocks))\\s+((?&prefix))InterpolateCameraPos\\s*+\\(((?:\\s*+(?&parameter)\\s*+,){8})\\s*+(?:const\\s++)?(?:&\\s*+)?(?:(?&tag)\\s*+)?((?&symbol))\\s*+(?:(?&squarebrackets)\\s*+)*+(?:=(?&expression))?([,)])",
			"to": "$1$2 $3InterpolateCameraPos($4 CAM_MOVE:$5 = CAMERA_CUT$6"
		},
		{
			"description": "Add enums to `InterpolateCameraPos`",
			"from": "((?&prefix))InterpolateCameraPos\\s*+\\(((?:(?&expression),){8})\\s*+(?:(1)|(2)|((?&expression)))\\s*+([,)])",
			"to": "$1InterpolateCameraPos($2 ${3:+CAMERA_MOVE:${4:+CAMERA_CUT:$5}}$6"
		},
		{
			"description": "Add tags to `InterpolateCameraLookAt`",
			"from": "((?&start))((?&stocks))\\s+((?&prefix))InterpolateCameraLookAt\\s*+\\(((?:\\s*+(?&parameter)\\s*+,){8})\\s*+(?:const\\s++)?(?:&\\s*+)?(?:(?&tag)\\s*+)?((?&symbol))\\s*+(?:(?&squarebrackets)\\s*+)*+(?:=(?&expression))?([,)])",
			"to": "$1$2 $3InterpolateCameraLookAt($4 CAM_MOVE:$5 = CAMERA_CUT$6"
		},
		{
			"description": "Add enums to `InterpolateCameraLookAt`",
			"from": "((?&prefix))InterpolateCameraLookAt\\s*+\\(((?:(?&expression),){8})\\s*+(?:(1)|(2)|((?&expression)))\\s*+([,)])",
			"to": "$1InterpolateCameraLookAt($2 ${3:+CAMERA_MOVE:${4:+CAMERA_CUT:$5}}$6"
		},
		{
			"description": "Add tags to `SetPlayerMapIcon`",
			"from": "((?&start))((?&stocks))\\s+((?&prefix))SetPlayerMapIcon\\s*+\\(((?:\\s*+(?&parameter)\\s*+,){7})\\s*+(?:const\\s++)?(?:&\\s*+)?(?:(?&tag)\\s*+)?((?&symbol))\\s*+(?:(?&squarebrackets)\\s*+)*+(?:=(?&expression))?([,)])",
			"to": "$1$2 $3SetPlayerMapIcon($4 MAPICON:$5 = MAPICON_LOCAL$6"
		},
		{
			"description": "Add enums to `SetPlayerMapIcon`",
			"from": "((?&prefix))SetPlayerMapIcon\\s*+\\(((?:(?&expression),){7})\\s*+(?:(0)|(1)|(2)|(3)|((?&expression)))\\s*+([,)])",
			"to": "$1SetPlayerMapIcon($2 ${3:+MAPICON_LOCAL:${4:+MAPICON_GLOBAL:${5:+MAPICON_LOCAL_CHECKPOINT:${6:+MAPICON_GLOBAL_CHECKPOINT:$7}}}}$8"
		},
		{
			"description": "Add tags to `PlayerSpectatePlayer`",
			"from": "((?&start))((?&stocks))\\s+((?&prefix))PlayerSpectatePlayer\\s*+\\(((?:\\s*+(?&parameter)\\s*+,){2})\\s*+(?:const\\s++)?(?:&\\s*+)?(?:(?&tag)\\s*+)?((?&symbol))\\s*+(?:(?&squarebrackets)\\s*+)*+(?:=(?&expression))?([,)])",
			"to": "$1$2 $3PlayerSpectatePlayer($4 SPECTATE_MODE:$5 = SPECTATE_MODE_NORMAL$6"
		},
		{
			"description": "Add enums to `PlayerSpectatePlayer`",
			"from": "((?&prefix))PlayerSpectatePlayer\\s*+\\(((?:(?&expression),){2})\\s*+(?:(1)|(2)|(3)|((?&expression)))\\s*+([,)])",
			"to": "$1PlayerSpectatePlayer($2 ${3:+SPECTATE_MODE_NORMAL:${4:+SPECTATE_MODE_FIXED:${5:+SPECTATE_MODE_SIDE:$6}}}$7"
		},
		{
			"description": "Add tags to `PlayerSpectateVehicle`",
			"from": "((?&start))((?&stocks))\\s+((?&prefix))PlayerSpectateVehicle\\s*+\\(((?:\\s*+(?&parameter)\\s*+,){2})\\s*+(?:const\\s++)?(?:&\\s*+)?(?:(?&tag)\\s*+)?((?&symbol))\\s*+(?:(?&squarebrackets)\\s*+)*+(?:=(?&expression))?([,)])",
			"to": "$1$2 $3PlayerSpectateVehicle($4 SPECTATE_MODE:$5 = SPECTATE_MODE_NORMAL$6"
		},
		{
			"description": "Add enums to `PlayerSpectateVehicle`",
			"from": "((?&prefix))PlayerSpectateVehicle\\s*+\\(((?:(?&expression),){2})\\s*+(?:(1)|(2)|(3)|((?&expression)))\\s*+([,)])",
			"to": "$1PlayerSpectateVehicle($2 ${3:+SPECTATE_MODE_NORMAL:${4:+SPECTATE_MODE_FIXED:${5:+SPECTATE_MODE_SIDE:$6}}}$7"
		},
		{
			"description": "Add tags to `ClearAnimations`",
			"from": "((?&start))((?&stocks))\\s+((?&prefix))ClearAnimations\\s*+\\((\\s*+(?&parameter)\\s*+,)\\s*+(?:const\\s++)?(?:&\\s*+)?(?:(?&tag)\\s*+)?((?&symbol))\\s*+(?:(?&squarebrackets)\\s*+)*+(?:=(?&expression))?([,)])",
			"to": "$1$2 $3ClearAnimations($4 FORCE_SYNC:$5 = SYNC_NONE$6"
		},
		{
			"description": "Add enums to `ClearAnimations`",
			"from": "((?&prefix))ClearAnimations\\s*+\\(((?&expression),)\\s*+(?:(0)|(1)|(2)|((?&expression)))\\s*+([,)])",
			"to": "$1ClearAnimations($2 ${3:+SYNC_NONE:${4:+SYNC_ALL:${5:+SYNC_OTHER:$6}}}$7"
		},
		{
			"description": "Add tags to `ApplyAnimation`",
			"from": "((?&start))((?&stocks))\\s+((?&prefix))ApplyAnimation\\s*+\\(((?:\\s*+(?&parameter)\\s*+,){9})\\s*+(?:const\\s++)?(?:&\\s*+)?(?:(?&tag)\\s*+)?((?&symbol))\\s*+(?:(?&squarebrackets)\\s*+)*+(?:=(?&expression))?([,)])",
			"to": "$1$2 $3ApplyAnimation($4 FORCE_SYNC:$5 = SYNC_NONE$6"
		},
		{
			"description": "Add enums to `ApplyAnimation`",
			"from": "((?&prefix))ApplyAnimation\\s*+\\(((?:(?&expression),){9})\\s*+(?:(0)|(1)|(2)|((?&expression)))\\s*+([,)])",
			"to": "$1ApplyAnimation($2 ${3:+SYNC_NONE:${4:+SYNC_ALL:${5:+SYNC_OTHER:$6}}}$7"
		},
		{
			"description": "Add tags to `TextDrawFont`",
			"from": "((?&start))((?&stocks))\\s+(?:bool\\s*+:\\s*+)?((?&prefix))TextDrawFont\\s*+\\((\\s*+(?&parameter)\\s*+,)\\s*+(?:const\\s++)?(?:&\\s*+)?(?:(?&tag)\\s*+)?((?&symbol))\\s*+(?:(?&squarebrackets)\\s*+)*+(?:=(?&expression))?([,)])",
			"to": "$1$2 bool:$3TextDrawFont($4 TEXT_DRAW_FONT:$5$6"
		},
		{
			"description": "Add enums to `TextDrawFont`",
			"from": "((?&prefix))TextDrawFont\\s*+\\(((?&expression),)\\s*+(?:(0)|(1)|(2)|(3)|(4)|(5)|((?&expression)))\\s*+([,)])",
			"to": "$1TextDrawFont($2 ${3:+TEXT_DRAW_FONT_0:${4:+TEXT_DRAW_FONT_1:${5:+TEXT_DRAW_FONT_2:${6:+TEXT_DRAW_FONT_3:${7:+TEXT_DRAW_FONT_SPRITE_DRAW:${8:+TEXT_DRAW_FONT_MODEL_PREVIEW:$9}}}}}}$10"
		},
		{
			"description": "Add tags to `PlayerTextDrawFont`",
			"from": "((?&start))((?&stocks))\\s+(?:bool\\s*+:\\s*+)?((?&prefix))PlayerTextDrawFont\\s*+\\(((?:\\s*+(?&parameter)\\s*+,){2})\\s*+(?:const\\s++)?(?:&\\s*+)?(?:(?&tag)\\s*+)?((?&symbol))\\s*+(?:(?&squarebrackets)\\s*+)*+(?:=(?&expression))?([,)])",
			"to": "$1$2 bool:$3PlayerTextDrawFont($4 TEXT_DRAW_FONT:$5$6"
		},
		{
			"description": "Add enums to `PlayerTextDrawFont`",
			"from": "((?&prefix))PlayerTextDrawFont\\s*+\\(((?:(?&expression),){2})\\s*+(?:(0)|(1)|(2)|(3)|(4)|(5)|((?&expression)))\\s*+([,)])",
			"to": "$1PlayerTextDrawFont($2 ${3:+TEXT_DRAW_FONT_0:${4:+TEXT_DRAW_FONT_1:${5:+TEXT_DRAW_FONT_2:${6:+TEXT_DRAW_FONT_3:${7:+TEXT_DRAW_FONT_SPRITE_DRAW:${8:+TEXT_DRAW_FONT_MODEL_PREVIEW:$9}}}}}}$10"
		},
		{
			"description": "Add tags to `TextDrawAlignment`",
			"from": "((?&start))((?&stocks))\\s+(?:bool\\s*+:\\s*+)?((?&prefix))TextDrawAlignment\\s*+\\((\\s*+(?&parameter)\\s*+,)\\s*+(?:const\\s++)?(?:&\\s*+)?(?:(?&tag)\\s*+)?((?&symbol))\\s*+(?:(?&squarebrackets)\\s*+)*+(?:=(?&expression))?([,)])",
			"to": "$1$2 bool:$3TextDrawAlignment($4 TEXT_DRAW_ALIGN:$5$6"
		},
		{
			"description": "Add enums to `TextDrawAlignment`",
			"from": "((?&prefix))TextDrawAlignment\\s*+\\(((?&expression),)\\s*+(?:(1)|(2)|(2)|(3)|((?&expression)))\\s*+([,)])",
			"to": "$1TextDrawAlignment($2 ${3:+TEXT_DRAW_ALIGN_LEFT:${4:+TEXT_DRAW_ALIGN_CENTRE:${5:+TEXT_DRAW_ALIGN_CENTER:${6:+TEXT_DRAW_ALIGN_RIGHT:$7}}}}$8"
		},
		{
			"description": "Add tags to `PlayerTextDrawAlignment`",
			"from": "((?&start))((?&stocks))\\s+(?:bool\\s*+:\\s*+)?((?&prefix))PlayerTextDrawAlignment\\s*+\\(((?:\\s*+(?&parameter)\\s*+,){2})\\s*+(?:const\\s++)?(?:&\\s*+)?(?:(?&tag)\\s*+)?((?&symbol))\\s*+(?:(?&squarebrackets)\\s*+)*+(?:=(?&expression))?([,)])",
			"to": "$1$2 bool:$3PlayerTextDrawAlignment($4 TEXT_DRAW_ALIGN:$5$6"
		},
		{
			"description": "Add enums to `PlayerTextDrawAlignment`",
			"from": "((?&prefix))PlayerTextDrawAlignment\\s*+\\(((?:(?&expression),){2})\\s*+(?:(1)|(2)|(2)|(3)|((?&expression)))\\s*+([,)])",
			"to": "$1PlayerTextDrawAlignment($2 ${3:+TEXT_DRAW_ALIGN_LEFT:${4:+TEXT_DRAW_ALIGN_CENTRE:${5:+TEXT_DRAW_ALIGN_CENTER:${6:+TEXT_DRAW_ALIGN_RIGHT:$7}}}}$8"
		},
		{
			"description": "Add tags to `GetVehicleComponentInSlot`",
			"from": "((?&start))((?&stocks))\\s+((?&prefix))GetVehicleComponentInSlot\\s*+\\((\\s*+(?&parameter)\\s*+,)\\s*+(?:const\\s++)?(?:&\\s*+)?(?:(?&tag)\\s*+)?((?&symbol))\\s*+(?:(?&squarebrackets)\\s*+)*+(?:=(?&expression))?([,)])",
			"to": "$1$2 $3GetVehicleComponentInSlot($4 CARMODTYPE:$5$6"
		},
		{
			"description": "Add enums to `GetVehicleComponentInSlot`",
			"from": "((?&prefix))GetVehicleComponentInSlot\\s*+\\(((?&expression),)\\s*+(?:(-1)|(0)|(1)|(2)|(3)|(4)|(5)|(6)|(7)|(8)|(9)|(10)|(11)|(12)|(13)|(14)|(15)|((?&expression)))\\s*+([,)])",
			"to": "$1GetVehicleComponentInSlot($2 ${3:+CARMODTYPE_NONE:${4:+CARMODTYPE_SPOILER:${5:+CARMODTYPE_HOOD:${6:+CARMODTYPE_ROOF:${7:+CARMODTYPE_SIDESKIRT:${8:+CARMODTYPE_LAMPS:${9:+CARMODTYPE_NITRO:${10:+CARMODTYPE_EXHAUST:${11:+CARMODTYPE_WHEELS:${12:+CARMODTYPE_STEREO:${13:+CARMODTYPE_HYDRAULICS:${14:+CARMODTYPE_FRONT_BUMPER:${15:+CARMODTYPE_REAR_BUMPER:${16:+CARMODTYPE_VENT_RIGHT:${17:+CARMODTYPE_VENT_LEFT:${18:+CARMODTYPE_FRONT_BULLBAR:${19:+CARMODTYPE_REAR_BULLBAR:$20}}}}}}}}}}}}}}}}}$21"
		},
		{
			"description": "Add tags to `GetVehicleModelInfo`",
			"from": "((?&start))((?&stocks))\\s+(?:bool\\s*+:\\s*+)?((?&prefix))GetVehicleModelInfo\\s*+\\((\\s*+(?&parameter)\\s*+,)\\s*+(?:const\\s++)?(?:&\\s*+)?(?:(?&tag)\\s*+)?((?&symbol))\\s*+(?:(?&squarebrackets)\\s*+)*+(?:=(?&expression))?([,)])",
			"to": "$1$2 bool:$3GetVehicleModelInfo($4 VEHICLE_MODEL_INFO:$5$6"
		},
		{
			"description": "Add enums to `GetVehicleModelInfo`",
			"from": "((?&prefix))GetVehicleModelInfo\\s*+\\(((?&expression),)\\s*+(?:(1)|(2)|(3)|(4)|(5)|(6)|(7)|(8)|(9)|(2)|(3)|(4)|(5)|(6)|(7)|(8)|(9)|((?&expression)))\\s*+([,)])",
			"to": "$1GetVehicleModelInfo($2 ${3:+VEHICLE_MODEL_INFO_SIZE:${4:+VEHICLE_MODEL_INFO_FRONT_SEAT:${5:+VEHICLE_MODEL_INFO_REAR_SEAT:${6:+VEHICLE_MODEL_INFO_PETROL_CAP:${7:+VEHICLE_MODEL_INFO_WHEELS_FRONT:${8:+VEHICLE_MODEL_INFO_WHEELS_REAR:${9:+VEHICLE_MODEL_INFO_WHEELS_MID:${10:+VEHICLE_MODEL_INFO_FRONT_BUMPER_Z:${11:+VEHICLE_MODEL_INFO_REAR_BUMPER_Z:${12:+VEHICLE_MODEL_INFO_FRONTSEAT:${13:+VEHICLE_MODEL_INFO_REARSEAT:${14:+VEHICLE_MODEL_INFO_PETROLCAP:${15:+VEHICLE_MODEL_INFO_WHEELSFRONT:${16:+VEHICLE_MODEL_INFO_WHEELSREAR:${17:+VEHICLE_MODEL_INFO_WHEELSMID:${18:+VEHICLE_MODEL_INFO_FRONT_BUMPER:${19:+VEHICLE_MODEL_INFO_REAR_BUMPER:$20}}}}}}}}}}}}}}}}}$21"
		},
		{
			"description": "Add tags to `GetVehicleDamageStatus`",
			"from": "((?&start))((?&stocks))\\s+(?:bool\\s*+:\\s*+)?((?&prefix))GetVehicleDamageStatus\\s*+\\((\\s*+(?&parameter)\\s*+,)\\s*+(?:const\\s++)?(?:&\\s*+)?(?:(?&tag)\\s*+)?((?&symbol))\\s*+(?:(?&squarebrackets)\\s*+)*+(?:=(?&expression))?([,)])",
			"to": "$1$2 bool:$3GetVehicleDamageStatus($4 &VEHICLE_PANEL_STATUS:$5$6"
		},
		{
			"description": "Add enums to `GetVehicleDamageStatus`",
			"from": "((?&prefix))GetVehicleDamageStatus\\s*+\\(((?&expression),)\\s*+(?:(0)|((?&expression)))\\s*+([,)])",
			"to": "$1GetVehicleDamageStatus($2 ${3:+VEHICLE_PANEL_STATUS_NONE:$4}$5"
		},
		{
			"description": "Add tags to `UpdateVehicleDamageStatus`",
			"from": "((?&start))((?&stocks))\\s+(?:bool\\s*+:\\s*+)?((?&prefix))UpdateVehicleDamageStatus\\s*+\\((\\s*+(?&parameter)\\s*+,)\\s*+(?:const\\s++)?(?:&\\s*+)?(?:(?&tag)\\s*+)?((?&symbol))\\s*+(?:(?&squarebrackets)\\s*+)*+(?:=(?&expression))?([,)])",
			"to": "$1$2 bool:$3UpdateVehicleDamageStatus($4 VEHICLE_PANEL_STATUS:$5$6"
		},
		{
			"description": "Add enums to `UpdateVehicleDamageStatus`",
			"from": "((?&prefix))UpdateVehicleDamageStatus\\s*+\\(((?&expression),)\\s*+(?:(0)|((?&expression)))\\s*+([,)])",
			"to": "$1UpdateVehicleDamageStatus($2 ${3:+VEHICLE_PANEL_STATUS_NONE:$4}$5"
		},
		{
			"description": "Add tags to `GetVehicleDamageStatus`",
			"from": "((?&start))((?&stocks))\\s+(?:bool\\s*+:\\s*+)?((?&prefix))GetVehicleDamageStatus\\s*+\\(((?:\\s*+(?&parameter)\\s*+,){2})\\s*+(?:const\\s++)?(?:&\\s*+)?(?:(?&tag)\\s*+)?((?&symbol))\\s*+(?:(?&squarebrackets)\\s*+)*+(?:=(?&expression))?([,)])",
			"to": "$1$2 bool:$3GetVehicleDamageStatus($4 &VEHICLE_DOOR_STATUS:$5$6"
		},
		{
			"description": "Add enums to `GetVehicleDamageStatus`",
			"from": "((?&prefix))GetVehicleDamageStatus\\s*+\\(((?:(?&expression),){2})\\s*+(?:(0)|(1)|(2)|(3)|(1)|(2)|(3)|(256)|(257)|(258)|(256)|(257)|(258)|(65536)|(65537)|(65538)|(65536)|(65537)|(65538)|(16777216)|(16777217)|(16777218)|(16777216)|(16777217)|(16777218)|(0)|(1)|(2)|(3)|(1)|(2)|(3)|(256)|(257)|(258)|(256)|(257)|(258)|(65536)|(65537)|(65538)|(65536)|(65537)|(65538)|(16777216)|(16777217)|(16777218)|(16777216)|(16777217)|(16777218)|((?&expression)))\\s*+([,)])",
			"to": "$1GetVehicleDamageStatus($2 ${3:+VEHICLE_DOOR_STATUS_NONE:${4:+VEHICLE_DOOR_STATUS_BONNET_OPEN:${5:+VEHICLE_DOOR_STATUS_BONNET_DAMAGED:${6:+VEHICLE_DOOR_STATUS_BONNET_MISSING:${7:+VEHICLE_DOOR_STATUS_HOOD_OPEN:${8:+VEHICLE_DOOR_STATUS_HOOD_DAMAGED:${9:+VEHICLE_DOOR_STATUS_HOOD_MISSING:${10:+VEHICLE_DOOR_STATUS_BOOT_OPEN:${11:+VEHICLE_DOOR_STATUS_BOOT_DAMAGED:${12:+VEHICLE_DOOR_STATUS_BOOT_MISSING:${13:+VEHICLE_DOOR_STATUS_TRUCK_OPEN:${14:+VEHICLE_DOOR_STATUS_TRUCK_DAMAGED:${15:+VEHICLE_DOOR_STATUS_TRUCK_MISSING:${16:+VEHICLE_DOOR_STATUS_FRONT_LEFT_OPEN:${17:+VEHICLE_DOOR_STATUS_FRONT_LEFT_DAMAGED:${18:+VEHICLE_DOOR_STATUS_FRONT_LEFT_MISSING:${19:+VEHICLE_DOOR_STATUS_DRIVER_OPEN:${20:+VEHICLE_DOOR_STATUS_DRIVER_DAMAGED:${21:+VEHICLE_DOOR_STATUS_DRIVER_MISSING:${22:+VEHICLE_DOOR_STATUS_FRONT_RIGHT_OPEN:${23:+VEHICLE_DOOR_STATUS_FRONT_RIGHT_DAMAGED:${24:+VEHICLE_DOOR_STATUS_FRONT_RIGHT_MISSING:${25:+VEHICLE_DOOR_STATUS_PASSENGER_OPEN:${26:+VEHICLE_DOOR_STATUS_PASSENGER_DAMAGED:${27:+VEHICLE_DOOR_STATUS_PASSENGER_MISSING:${28:+CARDOOR_NONE:${29:+CARDOOR_BONNET_OPEN:${30:+CARDOOR_BONNET_DAMAGED:${31:+CARDOOR_BONNET_MISSING:${32:+CARDOOR_HOOD_OPEN:${33:+CARDOOR_HOOD_DAMAGED:${34:+CARDOOR_HOOD_MISSING:${35:+CARDOOR_BOOT_OPEN:${36:+CARDOOR_BOOT_DAMAGED:${37:+CARDOOR_BOOT_MISSING:${38:+CARDOOR_TRUCK_OPEN:${39:+CARDOOR_TRUCK_DAMAGED:${40:+CARDOOR_TRUCK_MISSING:${41:+CARDOOR_FRONT_LEFT_OPEN:${42:+CARDOOR_FRONT_LEFT_DAMAGED:${43:+CARDOOR_FRONT_LEFT_MISSING:${44:+CARDOOR_DRIVER_OPEN:${45:+CARDOOR_DRIVER_DAMAGED:${46:+CARDOOR_DRIVER_MISSING:${47:+CARDOOR_FRONT_RIGHT_OPEN:${48:+CARDOOR_FRONT_RIGHT_DAMAGED:${49:+CARDOOR_FRONT_RIGHT_MISSING:${50:+CARDOOR_PASSENGER_OPEN:${51:+CARDOOR_PASSENGER_DAMAGED:${52:+CARDOOR_PASSENGER_MISSING:$53}}}}}}}}}}}}}}}}}}}}}}}}}}}}}}}}}}}}}}}}}}}}}}}}}}$54"
		},
		{
			"description": "Add tags to `UpdateVehicleDamageStatus`",
			"from": "((?&start))((?&stocks))\\s+(?:bool\\s*+:\\s*+)?((?&prefix))UpdateVehicleDamageStatus\\s*+\\(((?:\\s*+(?&parameter)\\s*+,){2})\\s*+(?:const\\s++)?(?:&\\s*+)?(?:(?&tag)\\s*+)?((?&symbol))\\s*+(?:(?&squarebrackets)\\s*+)*+(?:=(?&expression))?([,)])",
			"to": "$1$2 bool:$3UpdateVehicleDamageStatus($4 VEHICLE_DOOR_STATUS:$5$6"
		},
		{
			"description": "Add enums to `UpdateVehicleDamageStatus`",
			"from": "((?&prefix))UpdateVehicleDamageStatus\\s*+\\(((?:(?&expression),){2})\\s*+(?:(0)|(1)|(2)|(3)|(1)|(2)|(3)|(256)|(257)|(258)|(256)|(257)|(258)|(65536)|(65537)|(65538)|(65536)|(65537)|(65538)|(16777216)|(16777217)|(16777218)|(16777216)|(16777217)|(16777218)|(0)|(1)|(2)|(3)|(1)|(2)|(3)|(256)|(257)|(258)|(256)|(257)|(258)|(65536)|(65537)|(65538)|(65536)|(65537)|(65538)|(16777216)|(16777217)|(16777218)|(16777216)|(16777217)|(16777218)|((?&expression)))\\s*+([,)])",
			"to": "$1UpdateVehicleDamageStatus($2 ${3:+VEHICLE_DOOR_STATUS_NONE:${4:+VEHICLE_DOOR_STATUS_BONNET_OPEN:${5:+VEHICLE_DOOR_STATUS_BONNET_DAMAGED:${6:+VEHICLE_DOOR_STATUS_BONNET_MISSING:${7:+VEHICLE_DOOR_STATUS_HOOD_OPEN:${8:+VEHICLE_DOOR_STATUS_HOOD_DAMAGED:${9:+VEHICLE_DOOR_STATUS_HOOD_MISSING:${10:+VEHICLE_DOOR_STATUS_BOOT_OPEN:${11:+VEHICLE_DOOR_STATUS_BOOT_DAMAGED:${12:+VEHICLE_DOOR_STATUS_BOOT_MISSING:${13:+VEHICLE_DOOR_STATUS_TRUCK_OPEN:${14:+VEHICLE_DOOR_STATUS_TRUCK_DAMAGED:${15:+VEHICLE_DOOR_STATUS_TRUCK_MISSING:${16:+VEHICLE_DOOR_STATUS_FRONT_LEFT_OPEN:${17:+VEHICLE_DOOR_STATUS_FRONT_LEFT_DAMAGED:${18:+VEHICLE_DOOR_STATUS_FRONT_LEFT_MISSING:${19:+VEHICLE_DOOR_STATUS_DRIVER_OPEN:${20:+VEHICLE_DOOR_STATUS_DRIVER_DAMAGED:${21:+VEHICLE_DOOR_STATUS_DRIVER_MISSING:${22:+VEHICLE_DOOR_STATUS_FRONT_RIGHT_OPEN:${23:+VEHICLE_DOOR_STATUS_FRONT_RIGHT_DAMAGED:${24:+VEHICLE_DOOR_STATUS_FRONT_RIGHT_MISSING:${25:+VEHICLE_DOOR_STATUS_PASSENGER_OPEN:${26:+VEHICLE_DOOR_STATUS_PASSENGER_DAMAGED:${27:+VEHICLE_DOOR_STATUS_PASSENGER_MISSING:${28:+CARDOOR_NONE:${29:+CARDOOR_BONNET_OPEN:${30:+CARDOOR_BONNET_DAMAGED:${31:+CARDOOR_BONNET_MISSING:${32:+CARDOOR_HOOD_OPEN:${33:+CARDOOR_HOOD_DAMAGED:${34:+CARDOOR_HOOD_MISSING:${35:+CARDOOR_BOOT_OPEN:${36:+CARDOOR_BOOT_DAMAGED:${37:+CARDOOR_BOOT_MISSING:${38:+CARDOOR_TRUCK_OPEN:${39:+CARDOOR_TRUCK_DAMAGED:${40:+CARDOOR_TRUCK_MISSING:${41:+CARDOOR_FRONT_LEFT_OPEN:${42:+CARDOOR_FRONT_LEFT_DAMAGED:${43:+CARDOOR_FRONT_LEFT_MISSING:${44:+CARDOOR_DRIVER_OPEN:${45:+CARDOOR_DRIVER_DAMAGED:${46:+CARDOOR_DRIVER_MISSING:${47:+CARDOOR_FRONT_RIGHT_OPEN:${48:+CARDOOR_FRONT_RIGHT_DAMAGED:${49:+CARDOOR_FRONT_RIGHT_MISSING:${50:+CARDOOR_PASSENGER_OPEN:${51:+CARDOOR_PASSENGER_DAMAGED:${52:+CARDOOR_PASSENGER_MISSING:$53}}}}}}}}}}}}}}}}}}}}}}}}}}}}}}}}}}}}}}}}}}}}}}}}}}$54"
		},
		{
			"description": "Add tags to `GetVehicleDamageStatus`",
			"from": "((?&start))((?&stocks))\\s+(?:bool\\s*+:\\s*+)?((?&prefix))GetVehicleDamageStatus\\s*+\\(((?:\\s*+(?&parameter)\\s*+,){3})\\s*+(?:const\\s++)?(?:&\\s*+)?(?:(?&tag)\\s*+)?((?&symbol))\\s*+(?:(?&squarebrackets)\\s*+)*+(?:=(?&expression))?([,)])",
			"to": "$1$2 bool:$3GetVehicleDamageStatus($4 &VEHICLE_LIGHT_STATUS:$5$6"
		},
		{
			"description": "Add enums to `GetVehicleDamageStatus`",
			"from": "((?&prefix))GetVehicleDamageStatus\\s*+\\(((?:(?&expression),){3})\\s*+(?:(1)|(4)|(1)|(4)|(1024)|(1)|(4)|(1)|(4)|(1024)|((?&expression)))\\s*+([,)])",
			"to": "$1GetVehicleDamageStatus($2 ${3:+VEHICLE_LIGHT_STATUS_FRONT_LEFT_BROKEN:${4:+VEHICLE_LIGHT_STATUS_FRONT_RIGHT_BROKEN:${5:+VEHICLE_LIGHT_STATUS_DRIVER_BROKEN:${6:+VEHICLE_LIGHT_STATUS_PASSENGER_BROKEN:${7:+VEHICLE_LIGHT_STATUS_REAR_BROKEN:${8:+CARLIGHT_FRONT_LEFT_BROKEN:${9:+CARLIGHT_FRONT_RIGHT_BROKEN:${10:+CARLIGHT_DRIVER_BROKEN:${11:+CARLIGHT_PASSENGER_BROKEN:${12:+CARLIGHT_REAR_BROKEN:$13}}}}}}}}}}$14"
		},
		{
			"description": "Add tags to `UpdateVehicleDamageStatus`",
			"from": "((?&start))((?&stocks))\\s+(?:bool\\s*+:\\s*+)?((?&prefix))UpdateVehicleDamageStatus\\s*+\\(((?:\\s*+(?&parameter)\\s*+,){3})\\s*+(?:const\\s++)?(?:&\\s*+)?(?:(?&tag)\\s*+)?((?&symbol))\\s*+(?:(?&squarebrackets)\\s*+)*+(?:=(?&expression))?([,)])",
			"to": "$1$2 bool:$3UpdateVehicleDamageStatus($4 VEHICLE_LIGHT_STATUS:$5$6"
		},
		{
			"description": "Add enums to `UpdateVehicleDamageStatus`",
			"from": "((?&prefix))UpdateVehicleDamageStatus\\s*+\\(((?:(?&expression),){3})\\s*+(?:(1)|(4)|(1)|(4)|(1024)|(1)|(4)|(1)|(4)|(1024)|((?&expression)))\\s*+([,)])",
			"to": "$1UpdateVehicleDamageStatus($2 ${3:+VEHICLE_LIGHT_STATUS_FRONT_LEFT_BROKEN:${4:+VEHICLE_LIGHT_STATUS_FRONT_RIGHT_BROKEN:${5:+VEHICLE_LIGHT_STATUS_DRIVER_BROKEN:${6:+VEHICLE_LIGHT_STATUS_PASSENGER_BROKEN:${7:+VEHICLE_LIGHT_STATUS_REAR_BROKEN:${8:+CARLIGHT_FRONT_LEFT_BROKEN:${9:+CARLIGHT_FRONT_RIGHT_BROKEN:${10:+CARLIGHT_DRIVER_BROKEN:${11:+CARLIGHT_PASSENGER_BROKEN:${12:+CARLIGHT_REAR_BROKEN:$13}}}}}}}}}}$14"
		},
		{
			"description": "Add tags to `GetVehicleDamageStatus`",
			"from": "((?&start))((?&stocks))\\s+(?:bool\\s*+:\\s*+)?((?&prefix))GetVehicleDamageStatus\\s*+\\(((?:\\s*+(?&parameter)\\s*+,){4})\\s*+(?:const\\s++)?(?:&\\s*+)?(?:(?&tag)\\s*+)?((?&symbol))\\s*+(?:(?&squarebrackets)\\s*+)*+(?:=(?&expression))?([,)])",
			"to": "$1$2 bool:$3GetVehicleDamageStatus($4 &VEHICLE_TYRE_STATUS:$5$6"
		},
		{
			"description": "Add enums to `GetVehicleDamageStatus`",
			"from": "((?&prefix))GetVehicleDamageStatus\\s*+\\(((?:(?&expression),){4})\\s*+(?:(8)|(2)|(4)|(1)|(8)|(2)|(4)|(1)|(8)|(2)|(4)|(1)|(8)|(2)|(4)|(1)|((?&expression)))\\s*+([,)])",
			"to": "$1GetVehicleDamageStatus($2 ${3:+VEHICLE_TYRE_STATUS_FRONT_LEFT_POPPED:${4:+VEHICLE_TYRE_STATUS_FRONT_RIGHT_POPPED:${5:+VEHICLE_TYRE_STATUS_REAR_LEFT_POPPED:${6:+VEHICLE_TYRE_STATUS_REAR_RIGHT_POPPED:${7:+VEHICLE_TIRE_STATUS_FRONT_LEFT_POPPED:${8:+VEHICLE_TIRE_STATUS_FRONT_RIGHT_POPPED:${9:+VEHICLE_TIRE_STATUS_REAR_LEFT_POPPED:${10:+VEHICLE_TIRE_STATUS_REAR_RIGHT_POPPED:${11:+CARTYRE_FRONT_LEFT_POPPED:${12:+CARTYRE_FRONT_RIGHT_POPPED:${13:+CARTYRE_REAR_LEFT_POPPED:${14:+CARTYRE_REAR_RIGHT_POPPED:${15:+CARTIRE_FRONT_LEFT_POPPED:${16:+CARTIRE_FRONT_RIGHT_POPPED:${17:+CARTIRE_REAR_LEFT_POPPED:${18:+CARTIRE_REAR_RIGHT_POPPED:$19}}}}}}}}}}}}}}}}$20"
		},
		{
			"description": "Add tags to `UpdateVehicleDamageStatus`",
			"from": "((?&start))((?&stocks))\\s+(?:bool\\s*+:\\s*+)?((?&prefix))UpdateVehicleDamageStatus\\s*+\\(((?:\\s*+(?&parameter)\\s*+,){4})\\s*+(?:const\\s++)?(?:&\\s*+)?(?:(?&tag)\\s*+)?((?&symbol))\\s*+(?:(?&squarebrackets)\\s*+)*+(?:=(?&expression))?([,)])",
			"to": "$1$2 bool:$3UpdateVehicleDamageStatus($4 VEHICLE_TYRE_STATUS:$5$6"
		},
		{
			"description": "Add enums to `UpdateVehicleDamageStatus`",
			"from": "((?&prefix))UpdateVehicleDamageStatus\\s*+\\(((?:(?&expression),){4})\\s*+(?:(8)|(2)|(4)|(1)|(8)|(2)|(4)|(1)|(8)|(2)|(4)|(1)|(8)|(2)|(4)|(1)|((?&expression)))\\s*+([,)])",
			"to": "$1UpdateVehicleDamageStatus($2 ${3:+VEHICLE_TYRE_STATUS_FRONT_LEFT_POPPED:${4:+VEHICLE_TYRE_STATUS_FRONT_RIGHT_POPPED:${5:+VEHICLE_TYRE_STATUS_REAR_LEFT_POPPED:${6:+VEHICLE_TYRE_STATUS_REAR_RIGHT_POPPED:${7:+VEHICLE_TIRE_STATUS_FRONT_LEFT_POPPED:${8:+VEHICLE_TIRE_STATUS_FRONT_RIGHT_POPPED:${9:+VEHICLE_TIRE_STATUS_REAR_LEFT_POPPED:${10:+VEHICLE_TIRE_STATUS_REAR_RIGHT_POPPED:${11:+CARTYRE_FRONT_LEFT_POPPED:${12:+CARTYRE_FRONT_RIGHT_POPPED:${13:+CARTYRE_REAR_LEFT_POPPED:${14:+CARTYRE_REAR_RIGHT_POPPED:${15:+CARTIRE_FRONT_LEFT_POPPED:${16:+CARTIRE_FRONT_RIGHT_POPPED:${17:+CARTIRE_REAR_LEFT_POPPED:${18:+CARTIRE_REAR_RIGHT_POPPED:$19}}}}}}}}}}}}}}}}$20"
		},
		{
			"description": "Add tags to `SetTimer`",
			"from": "((?&start))((?&stocks))\\s+((?&prefix))SetTimer\\s*+\\(((?:\\s*+(?&parameter)\\s*+,){2})\\s*+(?:const\\s++)?(?:&\\s*+)?(?:(?&tag)\\s*+)?((?&symbol))\\s*+(?:(?&squarebrackets)\\s*+)*+(?:=(?&expression))?([,)])",
			"to": "$1$2 $3SetTimer($4 bool:$5$6"
		},
		{
			"description": "Add enums to `SetTimer`",
			"from": "((?&prefix))SetTimer\\s*+\\(((?:(?&expression),){2})\\s*+(?:(0)|(1)|((?&expression)))\\s*+([,)])",
			"to": "$1SetTimer($2 ${3:+false:${4:+true:$5}}$6"
		},
		{
			"description": "Add tags to `SetTimerEx`",
			"from": "((?&start))((?&stocks))\\s+((?&prefix))SetTimerEx\\s*+\\(((?:\\s*+(?&parameter)\\s*+,){2})\\s*+(?:const\\s++)?(?:&\\s*+)?(?:(?&tag)\\s*+)?((?&symbol))\\s*+(?:(?&squarebrackets)\\s*+)*+(?:=(?&expression))?([,)])",
			"to": "$1$2 $3SetTimerEx($4 bool:$5$6"
		},
		{
			"description": "Add enums to `SetTimerEx`",
			"from": "((?&prefix))SetTimerEx\\s*+\\(((?:(?&expression),){2})\\s*+(?:(0)|(1)|((?&expression)))\\s*+([,)])",
			"to": "$1SetTimerEx($2 ${3:+false:${4:+true:$5}}$6"
		},
		{
			"description": "Add tags to `Create3DTextLabel`",
			"from": "((?&start))((?&stocks))\\s+(?:Text3D\\s*+:\\s*+)?((?&prefix))Create3DTextLabel\\s*+\\(((?:\\s*+(?&parameter)\\s*+,){7})\\s*+(?:const\\s++)?(?:&\\s*+)?(?:(?&tag)\\s*+)?((?&symbol))\\s*+(?:(?&squarebrackets)\\s*+)*+(?:=(?&expression))?([,)])",
			"to": "$1$2 Text3D:$3Create3DTextLabel($4 bool:$5 = false$6"
		},
		{
			"description": "Add enums to `Create3DTextLabel`",
			"from": "((?&prefix))Create3DTextLabel\\s*+\\(((?:(?&expression),){7})\\s*+(?:(0)|(1)|((?&expression)))\\s*+([,)])",
			"to": "$1Create3DTextLabel($2 ${3:+false:${4:+true:$5}}$6"
		},
		{
			"description": "Add tags to `CreatePlayer3DTextLabel`",
			"from": "((?&start))((?&stocks))\\s+(?:PlayerText3D\\s*+:\\s*+)?((?&prefix))CreatePlayer3DTextLabel\\s*+\\(((?:\\s*+(?&parameter)\\s*+,){9})\\s*+(?:const\\s++)?(?:&\\s*+)?(?:(?&tag)\\s*+)?((?&symbol))\\s*+(?:(?&squarebrackets)\\s*+)*+(?:=(?&expression))?([,)])",
			"to": "$1$2 PlayerText3D:$3CreatePlayer3DTextLabel($4 bool:$5 = false$6"
		},
		{
			"description": "Add enums to `CreatePlayer3DTextLabel`",
			"from": "((?&prefix))CreatePlayer3DTextLabel\\s*+\\(((?:(?&expression),){9})\\s*+(?:(0)|(1)|((?&expression)))\\s*+([,)])",
			"to": "$1CreatePlayer3DTextLabel($2 ${3:+false:${4:+true:$5}}$6"
		},
		{
			"description": "Add tags to `TogglePlayerControllable`",
			"from": "((?&start))((?&stocks))\\s+((?&prefix))TogglePlayerControllable\\s*+\\((\\s*+(?&parameter)\\s*+,)\\s*+(?:const\\s++)?(?:&\\s*+)?(?:(?&tag)\\s*+)?((?&symbol))\\s*+(?:(?&squarebrackets)\\s*+)*+(?:=(?&expression))?([,)])",
			"to": "$1$2 $3TogglePlayerControllable($4 bool:$5$6"
		},
		{
			"description": "Add enums to `TogglePlayerControllable`",
			"from": "((?&prefix))TogglePlayerControllable\\s*+\\(((?&expression),)\\s*+(?:(0)|(1)|((?&expression)))\\s*+([,)])",
			"to": "$1TogglePlayerControllable($2 ${3:+false:${4:+true:$5}}$6"
		},
		{
			"description": "Add tags to `CreateVehicle`",
			"from": "((?&start))((?&stocks))\\s+((?&prefix))CreateVehicle\\s*+\\(((?:\\s*+(?&parameter)\\s*+,){8})\\s*+(?:const\\s++)?(?:&\\s*+)?(?:(?&tag)\\s*+)?((?&symbol))\\s*+(?:(?&squarebrackets)\\s*+)*+(?:=(?&expression))?([,)])",
			"to": "$1$2 $3CreateVehicle($4 bool:$5 = false$6"
		},
		{
			"description": "Add enums to `CreateVehicle`",
			"from": "((?&prefix))CreateVehicle\\s*+\\(((?:(?&expression),){8})\\s*+(?:(0)|(1)|((?&expression)))\\s*+([,)])",
			"to": "$1CreateVehicle($2 ${3:+false:${4:+true:$5}}$6"
		},
		{
			"description": "Add tags to `AddStaticVehicleEx`",
			"from": "((?&start))((?&stocks))\\s+((?&prefix))AddStaticVehicleEx\\s*+\\(((?:\\s*+(?&parameter)\\s*+,){8})\\s*+(?:const\\s++)?(?:&\\s*+)?(?:(?&tag)\\s*+)?((?&symbol))\\s*+(?:(?&squarebrackets)\\s*+)*+(?:=(?&expression))?([,)])",
			"to": "$1$2 $3AddStaticVehicleEx($4 bool:$5 = false$6"
		},
		{
			"description": "Add enums to `AddStaticVehicleEx`",
			"from": "((?&prefix))AddStaticVehicleEx\\s*+\\(((?:(?&expression),){8})\\s*+(?:(0)|(1)|((?&expression)))\\s*+([,)])",
			"to": "$1AddStaticVehicleEx($2 ${3:+false:${4:+true:$5}}$6"
		},
		{
			"description": "Add tags to `TogglePlayerSpectating`",
			"from": "((?&start))((?&stocks))\\s+((?&prefix))TogglePlayerSpectating\\s*+\\((\\s*+(?&parameter)\\s*+,)\\s*+(?:const\\s++)?(?:&\\s*+)?(?:(?&tag)\\s*+)?((?&symbol))\\s*+(?:(?&squarebrackets)\\s*+)*+(?:=(?&expression))?([,)])",
			"to": "$1$2 $3TogglePlayerSpectating($4 bool:$5$6"
		},
		{
			"description": "Add enums to `TogglePlayerSpectating`",
			"from": "((?&prefix))TogglePlayerSpectating\\s*+\\(((?&expression),)\\s*+(?:(0)|(1)|((?&expression)))\\s*+([,)])",
			"to": "$1TogglePlayerSpectating($2 ${3:+false:${4:+true:$5}}$6"
		},
		{
			"description": "Add tags to `TogglePlayerClock`",
			"from": "((?&start))((?&stocks))\\s+((?&prefix))TogglePlayerClock\\s*+\\((\\s*+(?&parameter)\\s*+,)\\s*+(?:const\\s++)?(?:&\\s*+)?(?:(?&tag)\\s*+)?((?&symbol))\\s*+(?:(?&squarebrackets)\\s*+)*+(?:=(?&expression))?([,)])",
			"to": "$1$2 $3TogglePlayerClock($4 bool:$5$6"
		},
		{
			"description": "Add enums to `TogglePlayerClock`",
			"from": "((?&prefix))TogglePlayerClock\\s*+\\(((?&expression),)\\s*+(?:(0)|(1)|((?&expression)))\\s*+([,)])",
			"to": "$1TogglePlayerClock($2 ${3:+false:${4:+true:$5}}$6"
		}
	]
}

